Price,Adj Close,Adj Close,Close,Close,High,High,Low,Low,Open,Open,Volume,Volume
Ticker,AZN.L,HSBA.L,AZN.L,HSBA.L,AZN.L,HSBA.L,AZN.L,HSBA.L,AZN.L,HSBA.L,AZN.L,HSBA.L
Date,,,,,,,,,,,,
2022-11-11 00:00:00+00:00,10158.076171875,392.963134765625,10598.0,470.20001220703125,11028.0,476.6000061035156,10598.0,469.6499938964844,11006.0,472.25,2913259,23946629
2022-11-14 00:00:00+00:00,10416.8671875,401.4040832519531,10868.0,480.29998779296875,10968.0,483.0,10542.0,471.29998779296875,10576.0,472.75,2163702,18085476
2022-11-15 00:00:00+00:00,10351.69140625,401.15338134765625,10800.0,480.0,11010.0,483.8999938964844,10780.0,475.95001220703125,10868.0,482.5,1634491,19489207
2022-11-16 00:00:00+00:00,10301.8505859375,397.392578125,10748.0,475.5,10860.0,479.8999938964844,10732.0,473.95001220703125,10844.0,478.1000061035156,2124542,16851839
2022-11-17 00:00:00+00:00,10365.109375,402.1562805175781,10814.0,481.20001220703125,10818.0,481.3999938964844,10695.0,471.29998779296875,10758.0,476.8999938964844,1234336,14773800
2022-11-18 00:00:00+00:00,10466.7109375,400.2340393066406,10920.0,478.8999938964844,10996.0,484.45001220703125,10752.0,474.1000061035156,10752.0,474.75,2150528,34581612
2022-11-21 00:00:00+00:00,10610.4833984375,404.0783996582031,11070.0,483.5,11118.0,486.0,10936.732421875,478.1000061035156,10954.0,479.54998779296875,1128012,30785977
2022-11-22 00:00:00+00:00,10623.90234375,406.8781433105469,11084.0,486.8500061035156,11124.0,489.5,10976.0,483.54998779296875,11074.0,484.25,1214034,11529697
2022-11-23 00:00:00+00:00,10539.5556640625,408.84210205078125,10996.0,489.20001220703125,11130.3564453125,491.45001220703125,10956.0,484.70001220703125,11100.0,486.95001220703125,1085234,15876477
2022-11-24 00:00:00+00:00,10470.5439453125,409.09283447265625,10924.0,489.5,11038.0,492.9800109863281,10869.349609375,487.5249938964844,10960.0,489.54998779296875,1020204,10402601
2022-11-25 00:00:00+00:00,10499.2978515625,411.140380859375,10954.0,491.95001220703125,11012.0,491.95001220703125,10890.0,487.79998779296875,10934.0,487.79998779296875,839863,23394528
2022-11-28 00:00:00+00:00,10591.3134765625,408.3406982421875,11050.0,488.6000061035156,11098.0,490.3999938964844,10876.0,481.20001220703125,11000.0,481.3999938964844,1157755,44234698
2022-11-29 00:00:00+00:00,10600.8994140625,426.47613525390625,11060.0,510.29998779296875,11176.0,515.4000244140625,10988.0,490.29998779296875,11034.0,490.6499938964844,2434217,37036353
2022-11-30 00:00:00+00:00,10702.498046875,425.9747009277344,11166.0,509.70001220703125,11228.0,511.8999938964844,11056.0,504.5,11108.0,507.29998779296875,3794486,46323161
2022-12-01 00:00:00+00:00,10735.0869140625,416.113037109375,11200.0,497.8999938964844,11222.0,506.70001220703125,11102.0,497.3500061035156,11200.0,501.0,1282615,22994441
2022-12-02 00:00:00+00:00,10714.0009765625,416.61444091796875,11178.0,498.5,11230.0,499.1499938964844,11074.0,488.29998779296875,11168.0,492.95001220703125,1347226,25331250
2022-12-05 00:00:00+00:00,10792.59765625,417.86810302734375,11260.0,500.0,11264.0,502.79998779296875,11162.0,494.3999938964844,11186.0,497.0,1336663,38359432
2022-12-06 00:00:00+00:00,10687.162109375,416.7398681640625,11150.0,498.6499938964844,11268.0,503.0,11150.0,496.0,11240.0,496.70001220703125,1648969,20112726
2022-12-07 00:00:00+00:00,10790.6787109375,412.728271484375,11258.0,493.8500061035156,11350.0,498.29998779296875,11222.0,491.8500061035156,11240.0,495.5,1599108,36138248
2022-12-08 00:00:00+00:00,10846.2724609375,413.94012451171875,11316.0,495.29998779296875,11366.0,498.9989929199219,11206.0,493.5,11306.0,494.6000061035156,2292719,14697498
2022-12-09 00:00:00+00:00,10882.6943359375,414.69232177734375,11354.0,496.20001220703125,11413.31640625,498.3500061035156,11264.0,493.6000061035156,11334.0,495.8999938964844,2462856,15633060
2022-12-12 00:00:00+00:00,10878.8603515625,414.817626953125,11350.0,496.3500061035156,11364.0,499.95001220703125,11266.0,493.1000061035156,11314.0,499.6000061035156,1214972,16666852
2022-12-13 00:00:00+00:00,10855.8564453125,417.95166015625,11326.0,500.1000061035156,11396.0,508.0,11224.0,497.70001220703125,11290.0,498.20001220703125,1746160,21965456
2022-12-14 00:00:00+00:00,10926.78515625,415.9458923339844,11400.0,497.70001220703125,11414.0,502.79998779296875,11143.4404296875,496.6499938964844,11258.0,500.0,3363995,43951829
2022-12-15 00:00:00+00:00,10888.4443359375,411.72540283203125,11360.0,492.6499938964844,11414.0,493.79998779296875,11282.0,487.6499938964844,11322.0,492.5,1191977,18123848
2022-12-16 00:00:00+00:00,10692.9140625,411.3910827636719,11156.0,492.25,11366.0,496.29998779296875,11062.0,481.0,11366.0,493.0,5753405,50367136
2022-12-19 00:00:00+00:00,10646.90625,414.3161926269531,11108.0,495.75,11182.0,496.8500061035156,11044.0,492.1499938964844,11170.0,493.8500061035156,1701253,10334574
2022-12-20 00:00:00+00:00,10664.1591796875,420.2081298828125,11126.0,502.79998779296875,11160.0,503.8999938964844,11054.0,494.70001220703125,11106.0,495.5,809011,35020690
2022-12-21 00:00:00+00:00,10777.2607421875,427.3118896484375,11244.0,511.29998779296875,11268.0,511.8999938964844,11078.0,501.3999938964844,11162.0,501.79998779296875,1105988,15859353
2022-12-22 00:00:00+00:00,10836.6875,428.1476135253906,11306.0,512.2999877929688,11368.0,516.0999755859375,11202.0,510.6000061035156,11236.0,512.7000122070312,2227678,26334928
2022-12-23 00:00:00+00:00,10771.5087890625,426.47613525390625,11238.0,510.29998779296875,11328.0,513.2999877929688,11206.0,508.8999938964844,11290.0,511.3999938964844,440196,19354109
2022-12-28 00:00:00+00:00,10783.01171875,432.9113464355469,11250.0,518.0,11284.0,520.7000122070312,11186.0,510.70001220703125,11264.0,515.2999877929688,1027336,24836592
2022-12-29 00:00:00+00:00,10876.9443359375,433.5799255371094,11348.0,518.7999877929688,11356.0,520.1500244140625,11166.0,514.4000244140625,11244.0,516.9000244140625,699578,8053077
2022-12-30 00:00:00+00:00,10752.33984375,430.9891662597656,11218.0,515.7000122070312,11326.0,519.2000122070312,11218.0,515.5999755859375,11292.0,516.9000244140625,646706,8437810
2023-01-03 00:00:00+00:00,11055.22265625,442.8565673828125,11534.0,529.9000244140625,11552.0,531.7000122070312,11254.0,515.7000122070312,11318.0,518.0999755859375,1827870,33285725
2023-01-04 00:00:00+00:00,11120.400390625,454.2226257324219,11602.0,543.5,11746.0,544.7999877929688,11536.0,532.5,11536.0,535.0999755859375,1332731,21604090
2023-01-05 00:00:00+00:00,11223.9169921875,472.4416809082031,11710.0,565.2999877929688,11730.0,568.4000244140625,11476.0,545.3989868164062,11524.0,548.0,2215897,36654670
2023-01-06 00:00:00+00:00,11292.927734375,475.1995544433594,11782.0,568.5999755859375,11808.0,569.8499755859375,11690.0,559.5999755859375,11734.0,566.0,4153691,31225164
2023-01-09 00:00:00+00:00,11248.837890625,470.6866760253906,11736.0,563.2000122070312,11758.0,566.7999877929688,11602.0,561.5999755859375,11694.0,564.5,1989665,23530081
2023-01-10 00:00:00+00:00,11312.0986328125,471.438720703125,11802.0,564.0999755859375,11886.0,566.4000244140625,11666.0,559.7440185546875,11714.0,561.9000244140625,3318361,15239244
2023-01-11 00:00:00+00:00,11151.072265625,476.0353088378906,11634.0,569.5999755859375,11816.0,573.0,11624.0,565.2000122070312,11756.0,566.5,6368782,51986581
2023-01-12 00:00:00+00:00,10972.79296875,486.2312927246094,11448.0,581.7999877929688,11756.0,585.6500244140625,11312.0,571.2000122070312,11612.0,572.2999877929688,2689299,27880378
2023-01-13 00:00:00+00:00,11172.158203125,494.0871887207031,11656.0,591.2000122070312,11730.0,594.5999755859375,11468.0,584.2000122070312,11472.0,585.0,3914240,72127539
2023-01-16 00:00:00+00:00,11191.3291015625,498.1823425292969,11676.0,596.0999755859375,11708.0,598.0,11622.0,592.0689697265625,11662.0,593.4000244140625,884693,18356071
2023-01-17 00:00:00+00:00,11118.484375,494.0871887207031,11600.0,591.2000122070312,11706.0,596.7000122070312,11520.0,589.0999755859375,11664.0,595.0999755859375,1321499,46847974
2023-01-18 00:00:00+00:00,11097.396484375,493.66937255859375,11578.0,590.7000122070312,11644.0,593.2999877929688,11514.0,586.9000244140625,11602.0,589.2000122070312,3152528,41081237
2023-01-19 00:00:00+00:00,10945.955078125,489.3235168457031,11420.0,585.5,11580.0,588.5999755859375,11384.0,578.7000122070312,11524.0,587.0,2912324,28885831
2023-01-20 00:00:00+00:00,10735.0869140625,495.25726318359375,11200.0,592.5999755859375,11444.0,593.0999755859375,11136.0,587.0999755859375,11414.0,589.0,3206265,22978407
2023-01-23 00:00:00+00:00,10579.8115234375,494.8393249511719,11038.0,592.0999755859375,11198.0,595.5,11016.0,592.0999755859375,11144.0,593.0,1673010,13977254
2023-01-24 00:00:00+00:00,10265.427734375,497.09588623046875,10710.0,594.7999877929688,10910.0,597.5,10672.0,589.364990234375,10800.0,594.2000122070312,3434381,14234046
2023-01-25 00:00:00+00:00,10361.2763671875,500.1881408691406,10810.0,598.5,10814.0,599.5,10644.0,594.2000122070312,10788.0,596.2999877929688,1463315,28558123
2023-01-26 00:00:00+00:00,10202.1669921875,504.70111083984375,10644.0,603.9000244140625,10880.0,603.9000244140625,10644.0,596.5,10784.0,598.0999755859375,2313220,44789252
2023-01-27 00:00:00+00:00,10181.080078125,501.8596496582031,10622.0,600.5,10700.0,603.5999755859375,10557.099609375,596.5,10668.0,601.0,1234783,24753721
2023-01-30 00:00:00+00:00,10265.427734375,503.1131896972656,10710.0,602.0,10760.0,602.5999755859375,10560.0,592.0999755859375,10560.0,597.9000244140625,4824076,53950303
2023-01-31 00:00:00+00:00,10150.408203125,498.4331359863281,10590.0,596.4000244140625,10669.1201171875,599.9000244140625,10541.09765625,591.7999877929688,10630.0,598.0,2198543,31284255
2023-02-01 00:00:00+00:00,9853.2763671875,502.5281982421875,10280.0,601.2999877929688,10626.0,601.2999877929688,10268.0,590.7000122070312,10586.0,592.0,2072186,27200209
2023-02-02 00:00:00+00:00,9824.521484375,493.9200744628906,10250.0,591.0,10342.0,596.0499877929688,10184.91796875,587.7999877929688,10330.0,594.9000244140625,2173963,32064061
2023-02-03 00:00:00+00:00,10138.9072265625,498.683837890625,10578.0,596.7000122070312,10578.0,599.0999755859375,10274.0,584.2000122070312,10274.0,584.7999877929688,1998719,31727455
2023-02-06 00:00:00+00:00,10140.8232421875,498.0987243652344,10580.0,596.0,10611.2861328125,599.0,10406.0,591.5999755859375,10454.0,598.0999755859375,4571397,14693528
2023-02-07 00:00:00+00:00,10146.57421875,505.6203918457031,10586.0,605.0,10626.0,606.2999877929688,10540.0,600.9000244140625,10566.0,602.5999755859375,1392341,23450768
2023-02-08 00:00:00+00:00,10305.68359375,511.80487060546875,10752.0,612.4000244140625,10844.0,612.9000244140625,10662.0,604.2000122070312,10682.0,608.9000244140625,2590923,38881905
2023-02-09 00:00:00+00:00,10725.501953125,514.6463012695312,11190.0,615.7999877929688,11348.0,620.5,10878.0,610.0,11042.0,611.0,9530658,50067355
2023-02-10 00:00:00+00:00,10917.2001953125,510.3004150390625,11390.0,610.5999755859375,11392.0,613.5999755859375,11130.0,608.2000122070312,11162.0,611.5,5534265,44206705
2023-02-13 00:00:00+00:00,10947.8720703125,512.8912963867188,11422.0,613.7000122070312,11466.0,615.2000122070312,11296.0,610.2999877929688,11376.0,610.5999755859375,4321426,17575858
2023-02-14 00:00:00+00:00,11039.88671875,509.13037109375,11518.0,609.2000122070312,11600.0,611.7999877929688,11476.0,605.2999877929688,11476.0,611.2000122070312,1576817,23568066
2023-02-15 00:00:00+00:00,11087.8115234375,511.72119140625,11568.0,612.2999877929688,11600.900390625,614.0,11434.0,601.9000244140625,11528.0,604.0,3028574,28899482
2023-02-16 00:00:00+00:00,10890.3623046875,516.8192138671875,11362.0,618.4000244140625,11626.0,621.0,11296.9013671875,612.7999877929688,11560.0,614.7999877929688,1937907,22110105
2023-02-17 00:00:00+00:00,11009.2158203125,519.07568359375,11486.0,621.0999755859375,11486.0,623.7000122070312,11316.0,614.0,11316.0,619.5,1809735,49880459
2023-02-20 00:00:00+00:00,11060.9736328125,518.741455078125,11540.0,620.7000122070312,11566.0,626.4000244140625,11458.0,619.7999877929688,11500.0,622.0999755859375,902044,28987969
2023-02-21 00:00:00+00:00,11089.728515625,541.13916015625,11570.0,647.5,11680.0,653.7999877929688,11516.0,607.9000244140625,11532.0,609.5,4363971,90988771
2023-02-22 00:00:00+00:00,11022.6337890625,531.6117553710938,11500.0,636.0999755859375,11606.0,642.0,11440.0,631.6500244140625,11594.0,639.5,1708966,61497084
2023-02-23 00:00:00+00:00,10898.962890625,526.5972900390625,11210.0,630.0999755859375,11386.0,632.0,11170.0,622.5999755859375,11332.0,630.0,1727667,20973923
2023-02-24 00:00:00+00:00,10792.015625,531.2774658203125,11100.0,635.7000122070312,11229.4404296875,637.0999755859375,11096.0,630.2999877929688,11192.0,630.2999877929688,1649984,26410291
2023-02-27 00:00:00+00:00,10790.0703125,528.0181274414062,11098.0,631.7999877929688,11162.0,635.9000244140625,11030.0,628.7999877929688,11036.0,630.4000244140625,929834,59154081
2023-02-28 00:00:00+00:00,10578.119140625,531.1939086914062,10880.0,635.5999755859375,11114.0,639.7999877929688,10827.099609375,627.7999877929688,11060.0,628.2999877929688,2325200,35947658
2023-03-01 00:00:00+00:00,10515.8955078125,535.1218872070312,10816.0,640.2999877929688,10898.0,641.2999877929688,10786.0,633.0999755859375,10874.0,636.0,2258745,79309751
2023-03-02 00:00:00+00:00,10562.5634765625,532.7457885742188,10864.0,619.0,10864.0,626.5,10752.0,611.4000244140625,10816.0,621.4000244140625,1455371,20312797
2023-03-03 00:00:00+00:00,10484.7822265625,532.143310546875,10784.0,618.2999877929688,10884.0,621.2000122070312,10784.0,613.5999755859375,10848.0,617.0,1621692,19436809
2023-03-06 00:00:00+00:00,10443.9482421875,531.7129516601562,10742.0,617.7999877929688,10818.0,618.5999755859375,10688.0,611.9000244140625,10818.0,616.5,1662736,32648244
2023-03-07 00:00:00+00:00,10548.9521484375,537.3072509765625,10850.0,624.2999877929688,10906.0,626.0999755859375,10724.0,617.5,10738.0,618.7000122070312,3187734,68429480
2023-03-08 00:00:00+00:00,10521.728515625,542.8154296875,10822.0,630.7000122070312,12828.4521484375,635.0,10788.0,621.9000244140625,10844.0,622.5,3574135,74246652
2023-03-09 00:00:00+00:00,10564.5078125,534.5531005859375,10866.0,621.0999755859375,10946.0,630.0,10786.0,621.0999755859375,10850.0,629.9000244140625,3708991,39594179
2023-03-10 00:00:00+00:00,10401.1689453125,510.02447509765625,10698.0,592.5999755859375,10994.0,601.4990234375,10590.0,582.0,10798.0,600.5,3024311,52951644
2023-03-13 00:00:00+00:00,10389.5029296875,488.9383544921875,10686.0,568.0999755859375,10860.0,595.5,10558.0,563.0999755859375,10698.0,595.2000122070312,3796358,60769749
2023-03-14 00:00:00+00:00,10389.5029296875,496.59820556640625,10686.0,577.0,10730.0,579.7999877929688,10574.0,556.2999877929688,10702.0,562.5,1699355,41114192
2023-03-15 00:00:00+00:00,10348.66796875,471.9834899902344,10644.0,548.4000244140625,10798.0,581.7340087890625,10632.0,542.7000122070312,10704.0,579.5,3311202,44631420
2023-03-16 00:00:00+00:00,10498.3955078125,480.33184814453125,10798.0,558.0999755859375,10830.0,571.9000244140625,10640.0,549.2999877929688,10680.0,565.2000122070312,2264805,41625099
2023-03-17 00:00:00+00:00,10513.9501953125,466.5613098144531,10814.0,542.0999755859375,10922.0,565.9000244140625,10746.0,537.0,10824.0,562.7000122070312,5013166,83900837
2023-03-20 00:00:00+00:00,10490.6171875,466.2170715332031,10790.0,541.7000122070312,10814.0,544.5999755859375,10654.0,512.2999877929688,10762.0,526.7999877929688,1411596,66105483
2023-03-21 00:00:00+00:00,10601.4541015625,476.8031311035156,10904.0,554.0,10932.0,559.0999755859375,10808.0,539.0,10884.0,541.0,1201315,40361589
2023-03-22 00:00:00+00:00,10671.4560546875,485.92608642578125,10976.0,564.5999755859375,10984.0,573.7999877929688,10762.0,553.5999755859375,10884.0,556.0,1294815,49464196
2023-03-23 00:00:00+00:00,10692.845703125,471.81134033203125,10998.0,548.2000122070312,11024.0,558.0999755859375,10876.0,545.0,10934.0,556.5,1477887,121122873
2023-03-24 00:00:00+00:00,10772.5703125,459.59002685546875,11080.0,534.0,11094.0,545.4000244140625,10953.4296875,521.9000244140625,11006.0,545.4000244140625,1365404,29131272
2023-03-27 00:00:00+00:00,10939.7978515625,465.70068359375,11252.0,541.0999755859375,11302.0,544.7000122070312,11123.2578125,533.2999877929688,11130.0,542.0,1617043,18380201
2023-03-28 00:00:00+00:00,10825.072265625,465.70068359375,11134.0,541.0999755859375,11299.3896484375,549.5,11132.8857421875,536.2999877929688,11228.0,546.0,1779061,21067542
2023-03-29 00:00:00+00:00,10856.18359375,476.8031311035156,11166.0,554.0,11202.0,554.8499755859375,11106.0,543.5050048828125,11116.0,543.7999877929688,1248968,21411453
2023-03-30 00:00:00+00:00,10856.18359375,477.9219665527344,11166.0,555.2999877929688,11236.0,558.2000122070312,11096.0,551.0999755859375,11162.0,554.0,1224253,12376544
2023-03-31 00:00:00+00:00,10920.353515625,473.1023254394531,11232.0,549.7000122070312,11328.0,556.0999755859375,11144.0,547.0,11150.0,549.2999877929688,1620239,32527045
2023-04-03 00:00:00+00:00,10957.2978515625,478.86871337890625,11270.0,556.4000244140625,11282.0,564.5,11172.0,553.5999755859375,11260.0,554.4000244140625,1660237,31929737
2023-04-04 00:00:00+00:00,10932.01953125,474.3933410644531,11244.0,551.2000122070312,11356.0,563.2999877929688,11194.0,551.2000122070312,11320.0,562.0,1885935,21871508
2023-04-05 00:00:00+00:00,11272.30859375,476.97528076171875,11594.0,554.2000122070312,11628.0,557.2999877929688,11230.7998046875,550.4000244140625,11244.0,554.9000244140625,2157931,12482936
2023-04-06 00:00:00+00:00,11375.3671875,484.4630126953125,11700.0,562.9000244140625,11734.599609375,563.2000122070312,11590.0,550.9000244140625,11620.0,552.5,1203186,12780940
2023-04-11 00:00:00+00:00,11307.310546875,484.0327453613281,11630.0,562.4000244140625,11786.0,564.4000244140625,11574.0,558.2999877929688,11738.0,563.2999877929688,4498431,27308177
2023-04-12 00:00:00+00:00,11493.9833984375,483.3441162109375,11822.0,561.5999755859375,11872.0,567.7000122070312,11614.0,558.7999877929688,11664.0,560.2000122070312,3148358,18444217
2023-04-13 00:00:00+00:00,11585.375,488.2498474121094,11916.0,567.2999877929688,11916.0,567.2999877929688,11792.0,559.9000244140625,11850.0,559.9000244140625,1407991,31193339
2023-04-14 00:00:00+00:00,11562.041015625,502.8809509277344,11892.0,584.2999877929688,11990.0,587.4000244140625,11878.0,563.2999877929688,11950.0,567.9000244140625,1644644,46918588
2023-04-17 00:00:00+00:00,11495.9267578125,497.54498291015625,11824.0,578.0999755859375,11932.0,589.0999755859375,11820.0,573.7000122070312,11878.0,588.0999755859375,1092430,17022897
2023-04-18 00:00:00+00:00,11705.9326171875,494.5326232910156,12040.0,574.5999755859375,12392.0,581.7000122070312,11860.0,573.7000122070312,11914.0,576.7999877929688,2047219,21150937
2023-04-19 00:00:00+00:00,11659.265625,493.4998474121094,11992.0,573.4000244140625,12037.0400390625,575.2000122070312,11948.0,570.0,11994.0,574.0999755859375,1072912,16476041
2023-04-20 00:00:00+00:00,11676.7666015625,494.96295166015625,12010.0,575.0999755859375,12056.0,581.5999755859375,11941.4404296875,571.2000122070312,11976.0,577.7999877929688,2691006,18149031
2023-04-21 00:00:00+00:00,11847.8828125,493.7580261230469,12186.0,573.7000122070312,12232.0,579.2999877929688,12022.0,568.0999755859375,12022.0,577.9000244140625,1604980,16475926
2023-04-24 00:00:00+00:00,11826.4931640625,493.413818359375,12164.0,573.2999877929688,12202.0,577.6500244140625,12122.06640625,568.2999877929688,12152.0,569.9000244140625,1344950,28074221
2023-04-25 00:00:00+00:00,11952.88671875,487.38916015625,12294.0,566.2999877929688,12348.0,569.4000244140625,12112.0,562.7000122070312,12112.0,567.7999877929688,1694844,19470392
2023-04-26 00:00:00+00:00,11515.3720703125,492.0367736816406,11844.0,571.7000122070312,12210.0,575.698974609375,11778.0,563.7999877929688,12164.0,568.0,3561383,21487013
2023-04-27 00:00:00+00:00,11468.7041015625,495.2211608886719,11796.0,575.4000244140625,12146.0,579.2999877929688,11754.0,560.5999755859375,11910.0,574.0,1400645,24614220
2023-04-28 00:00:00+00:00,11420.0908203125,493.8441162109375,11746.0,573.7999877929688,11856.0,578.5999755859375,11640.0,565.0999755859375,11816.0,578.4000244140625,1622067,26012411
2023-05-02 00:00:00+00:00,11447.314453125,511.1433410644531,11774.0,593.9000244140625,11856.0,610.7000122070312,11652.0,591.0419921875,11726.0,592.5,1794124,111897000
2023-05-03 00:00:00+00:00,11554.26171875,510.5408630371094,11884.0,593.2000122070312,11904.900390625,601.7999877929688,11778.0,591.7000122070312,11844.0,598.7999877929688,1005207,23152226
2023-05-04 00:00:00+00:00,11521.205078125,502.6228332519531,11850.0,584.0,11878.0,596.7999877929688,11756.0,583.4000244140625,11842.0,596.2000122070312,1292780,39625040
2023-05-05 00:00:00+00:00,11591.2080078125,516.22119140625,11922.0,599.7999877929688,11922.0,600.5,11714.0,586.5,11874.0,588.0,877124,20223115
2023-05-09 00:00:00+00:00,11583.4296875,515.7908935546875,11914.0,599.2999877929688,11956.0,602.9000244140625,11786.0,596.0999755859375,11956.0,600.0999755859375,1685343,35837955
2023-05-10 00:00:00+00:00,11492.0380859375,517.3399658203125,11820.0,601.0999755859375,11846.0,606.5999755859375,11752.0,599.2000122070312,11836.0,603.4000244140625,1262452,16305805
2023-05-11 00:00:00+00:00,11593.1533203125,517.7218017578125,11924.0,593.5999755859375,12002.0,600.0,11868.0,587.0999755859375,11882.0,594.5,2240297,25625911
2023-05-12 00:00:00+00:00,11676.7666015625,523.0421752929688,12010.0,599.7000122070312,12090.0,603.0,11922.0,595.4000244140625,11958.0,595.4000244140625,1550380,20777766
2023-05-15 00:00:00+00:00,11667.0439453125,532.897705078125,12000.0,611.0,12070.0,611.0999755859375,11974.0,603.7000122070312,12050.0,605.5,776116,14779925
2023-05-16 00:00:00+00:00,11735.1015625,528.2752075195312,12070.0,605.7000122070312,12102.0,611.4000244140625,11992.0,605.2000122070312,12042.0,608.2999877929688,1187703,107198858
2023-05-17 00:00:00+00:00,11593.1533203125,525.9202270507812,11924.0,603.0,12184.0,606.2000122070312,11866.0,601.2999877929688,12120.0,603.9000244140625,1555565,16724626
2023-05-18 00:00:00+00:00,11645.6552734375,534.5548095703125,11978.0,612.9000244140625,12096.0,616.3900146484375,11970.0,606.4019775390625,11970.0,607.5,1230986,16947147
2023-05-19 00:00:00+00:00,11676.7666015625,532.7232666015625,12010.0,610.7999877929688,12076.0,616.7000122070312,11936.015625,610.7000122070312,12026.0,614.5999755859375,1312211,17244865
2023-05-22 00:00:00+00:00,11702.044921875,538.3051147460938,12036.0,617.2000122070312,12108.0,620.4000244140625,11994.0,613.5999755859375,12064.0,613.5999755859375,1774287,68467439
2023-05-23 00:00:00+00:00,11700.1005859375,538.8284301757812,12034.0,617.7999877929688,12186.0,618.5999755859375,11942.0,612.5,11970.0,614.4000244140625,1644235,18108144
2023-05-24 00:00:00+00:00,11466.759765625,523.4782104492188,11794.0,600.2000122070312,11932.0,610.7999877929688,11687.0986328125,596.5,11878.0,610.4000244140625,2075369,23383150
2023-05-25 00:00:00+00:00,11318.9765625,528.8856811523438,11642.0,606.4000244140625,11822.0,610.2999877929688,11590.0,598.2999877929688,11756.0,600.5,1076348,17076530
2023-05-26 00:00:00+00:00,11457.0361328125,532.7232666015625,11784.0,610.7999877929688,11832.0,613.4000244140625,11636.0,600.4000244140625,11690.0,609.2999877929688,1441890,19691875
2023-05-30 00:00:00+00:00,11178.9716796875,523.3909912109375,11498.0,600.0999755859375,11840.0,609.0,11498.0,598.0,11780.0,608.0999755859375,1980999,30198951
2023-05-31 00:00:00+00:00,11336.4775390625,515.01806640625,11660.0,590.5,11766.0,597.4000244140625,11464.0,589.5999755859375,11466.0,594.7000122070312,4150407,45815294
2023-06-01 00:00:00+00:00,11346.19921875,517.896240234375,11670.0,593.7999877929688,11781.599609375,597.9500122070312,11520.0,587.4000244140625,11726.0,589.2999877929688,1609544,43366626
2023-06-02 00:00:00+00:00,11422.0361328125,525.6586303710938,11748.0,602.7000122070312,11754.0,603.9000244140625,11530.0,593.7000122070312,11636.0,595.7999877929688,1544750,25970681
2023-06-05 00:00:00+00:00,11466.759765625,528.6239624023438,11794.0,606.0999755859375,11818.0,612.0999755859375,11692.0,602.5999755859375,11722.0,610.0,927474,13828961
2023-06-06 00:00:00+00:00,11503.705078125,532.7232666015625,11832.0,610.7999877929688,11934.0,611.7999877929688,11752.0,601.7999877929688,11770.0,604.5,1508766,15984257
2023-06-07 00:00:00+00:00,11427.8681640625,537.3457641601562,11754.0,616.0999755859375,11876.0,617.2999877929688,11671.0986328125,612.0999755859375,11780.0,612.5,1227113,35353495
2023-06-08 00:00:00+00:00,11423.98046875,532.897705078125,11750.0,611.0,11784.0,617.9000244140625,11653.2802734375,609.0,11754.0,617.0,1399930,17602705
2023-06-09 00:00:00+00:00,11387.0341796875,529.8450927734375,11712.0,607.5,11868.0,612.4000244140625,11710.0,601.9000244140625,11858.0,611.5,950706,11516255
2023-06-12 00:00:00+00:00,11501.7607421875,527.9263305664062,11830.0,605.2999877929688,11858.0,612.7999877929688,11668.0,602.7000122070312,11846.0,612.0,1391951,12581363
2023-06-13 00:00:00+00:00,11414.2578125,531.6765747070312,11740.0,609.5999755859375,11804.0,613.8300170898438,11644.0,605.0999755859375,11764.0,608.7999877929688,2301469,20669665
2023-06-14 00:00:00+00:00,11190.6396484375,532.7232666015625,11510.0,610.7999877929688,11800.0,614.9000244140625,11502.0,606.3610229492188,11716.0,609.0,1781655,27566717
2023-06-15 00:00:00+00:00,11361.755859375,531.5022583007812,11686.0,609.4000244140625,11706.0,612.4000244140625,11478.0,606.4000244140625,11478.0,609.9000244140625,2984914,14676387
2023-06-16 00:00:00+00:00,11460.92578125,533.5953369140625,11788.0,611.7999877929688,11878.0,612.5,11718.0,607.0999755859375,11720.0,609.2000122070312,5017591,72874430
2023-06-19 00:00:00+00:00,11322.8662109375,536.3864135742188,11646.0,615.0,11746.208984375,616.5,11616.0,611.0999755859375,11726.0,611.5999755859375,2367195,14392193
2023-06-20 00:00:00+00:00,11313.1435546875,536.5608520507812,11636.0,615.2000122070312,11776.0,618.5999755859375,11624.0,613.2999877929688,11642.0,614.9000244140625,1206664,13163578
2023-06-21 00:00:00+00:00,11264.5302734375,539.090087890625,11586.0,618.0999755859375,11662.0,619.2999877929688,11512.0,613.2999877929688,11582.0,614.9000244140625,1149726,24314619
2023-06-22 00:00:00+00:00,11278.142578125,529.1472778320312,11600.0,606.7000122070312,11600.0,615.0999755859375,11344.0,602.5,11458.0,614.0,1939447,23174027
2023-06-23 00:00:00+00:00,11105.0810546875,525.2225341796875,11422.0,602.2000122070312,11632.0,607.2000122070312,11392.0,599.0999755859375,11574.0,606.0,1228732,20464406
2023-06-26 00:00:00+00:00,10978.6884765625,526.879638671875,11292.0,604.0999755859375,11450.0,606.7999877929688,11239.099609375,595.2000122070312,11378.0,601.0,1066377,15576202
2023-06-27 00:00:00+00:00,10879.5185546875,532.2871704101562,11190.0,610.2999877929688,11332.0,611.9000244140625,11164.0,605.0,11296.0,607.7000122070312,1353695,30993630
2023-06-28 00:00:00+00:00,10922.2978515625,534.9036254882812,11234.0,613.2999877929688,11338.0,615.5999755859375,11184.0,610.7999877929688,11300.0,611.5,2293497,18360919
2023-06-29 00:00:00+00:00,10924.2421875,539.7005615234375,11236.0,618.7999877929688,11290.0,619.7999877929688,11136.0,613.0,11246.0,613.7999877929688,2529983,71288921
2023-06-30 00:00:00+00:00,10963.1318359375,542.2299194335938,11276.0,621.7000122070312,11344.0,625.7000122070312,11180.0,615.9000244140625,11248.0,620.2999877929688,1408446,22006052
2023-07-03 00:00:00+00:00,10086.16015625,547.375732421875,10374.0,627.5999755859375,11044.0,628.5,10330.0,622.2000122070312,10938.0,623.0,4450775,21193781
2023-07-04 00:00:00+00:00,10286.443359375,544.846435546875,10580.0,624.7000122070312,10664.0,628.2000122070312,10278.0,623.5999755859375,10360.0,627.0,4015254,8538299
2023-07-05 00:00:00+00:00,10325.3330078125,542.4044189453125,10620.0,621.9000244140625,10730.0,624.0,10460.0,617.5999755859375,10642.0,620.7999877929688,2885595,39669655
2023-07-06 00:00:00+00:00,10041.435546875,532.3743896484375,10328.0,610.4000244140625,10566.0,617.0289916992188,10294.0,608.0999755859375,10538.0,615.0,1911277,19028428
2023-07-07 00:00:00+00:00,9829.484375,531.9382934570312,10110.0,609.9000244140625,10308.0,614.77001953125,10078.0,606.7000122070312,10276.0,608.2999877929688,1800903,34212718
2023-07-10 00:00:00+00:00,9897.541015625,529.3217163085938,10180.0,606.9000244140625,10244.0,610.9000244140625,10110.0,606.4000244140625,10150.0,609.0999755859375,1255741,19834643
2023-07-11 00:00:00+00:00,9802.26171875,524.0886840820312,10082.0,600.9000244140625,10138.0,606.0,10020.0,598.2000122070312,10138.0,604.5,1929561,33207359
2023-07-12 00:00:00+00:00,9963.6552734375,537.0841064453125,10248.0,615.7999877929688,10276.0,616.7000122070312,10084.0,600.5,10228.0,601.7000122070312,4075139,38283911
2023-07-13 00:00:00+00:00,10043.3798828125,535.6886596679688,10330.0,614.2000122070312,10352.0,617.5,10248.0,609.4000244140625,10296.0,612.7999877929688,1250510,35620549
2023-07-14 00:00:00+00:00,10037.546875,534.729248046875,10324.0,613.0999755859375,10554.0,617.0,10322.5,611.7000122070312,10328.0,612.0,2472036,16280360
2023-07-17 00:00:00+00:00,9916.9873046875,538.9157104492188,10200.0,617.9000244140625,10350.0,620.4000244140625,10196.0,613.0999755859375,10300.0,614.5,1161172,28427958
2023-07-18 00:00:00+00:00,9994.767578125,543.9742431640625,10280.0,623.7000122070312,10310.0,624.4000244140625,10206.0,614.0999755859375,10262.0,615.5999755859375,2368022,19072737
2023-07-19 00:00:00+00:00,10210.607421875,548.42236328125,10502.0,628.7999877929688,10590.0,632.0,10278.0,624.5,10282.0,626.0,2838541,23353423
2023-07-20 00:00:00+00:00,10399.224609375,558.1907348632812,10696.0,640.0,10710.0,640.5999755859375,10486.0,629.2000122070312,10488.0,629.2999877929688,1845464,71414605
2023-07-21 00:00:00+00:00,10471.171875,559.9349365234375,10770.0,642.0,10798.0,645.7999877929688,10598.0,637.5999755859375,10642.0,639.7000122070312,1297138,17482257
2023-07-24 00:00:00+00:00,10480.8935546875,560.5455322265625,10780.0,642.7000122070312,10858.0,643.0,10707.3623046875,632.0,10800.0,634.5,1168905,35895413
2023-07-25 00:00:00+00:00,10422.5595703125,561.9409790039062,10720.0,644.2999877929688,10774.0,645.5999755859375,10628.0,642.0999755859375,10700.0,644.5999755859375,1638957,14752048
2023-07-26 00:00:00+00:00,10373.9462890625,561.7666015625,10670.0,644.0999755859375,10790.0,645.5499877929688,10578.0,640.4000244140625,10742.0,643.4000244140625,1181359,15316016
2023-07-27 00:00:00+00:00,10403.11328125,560.1966552734375,10700.0,642.2999877929688,10802.0,645.5999755859375,10645.0,639.4000244140625,10802.0,644.9000244140625,3990122,54254940
2023-07-28 00:00:00+00:00,10751.181640625,564.1214599609375,11058.0,646.7999877929688,11264.0,655.2999877929688,10796.0,643.75,10800.0,645.0,6645000,14606823
2023-07-31 00:00:00+00:00,10875.62890625,563.6853637695312,11186.0,646.2999877929688,11204.0,652.0,11022.0,645.5999755859375,11028.0,650.2999877929688,1639504,17771442
2023-08-01 00:00:00+00:00,10885.3515625,571.1860961914062,11196.0,654.9000244140625,11254.0,665.5999755859375,11148.0,649.9000244140625,11176.0,658.0,955804,24505563
2023-08-02 00:00:00+00:00,10788.1259765625,555.4869384765625,11096.0,636.9000244140625,11140.0,654.8980102539062,10874.0,634.0999755859375,11040.0,651.5,1371970,22469669
2023-08-03 00:00:00+00:00,10597.564453125,557.4929809570312,10900.0,639.2000122070312,11018.0,640.7999877929688,10778.0,630.5,11018.0,639.2999877929688,4910009,176906451
2023-08-04 00:00:00+00:00,10607.287109375,555.0509033203125,10910.0,636.4000244140625,10968.0,644.2000122070312,10784.0,633.5999755859375,10952.0,642.9000244140625,1506764,15511434
2023-08-07 00:00:00+00:00,10583.9541015625,561.7666015625,10886.0,644.0999755859375,10944.0,644.9000244140625,10804.0,636.0999755859375,10894.0,640.7000122070312,853789,20496510
2023-08-08 00:00:00+00:00,10723.9580078125,553.4808959960938,11030.0,634.5999755859375,11100.0,642.0999755859375,10834.0,631.4000244140625,10940.0,639.5,1977417,62033025
2023-08-09 00:00:00+00:00,10871.740234375,554.7019653320312,11182.0,636.0,11212.0,639.9000244140625,10980.642578125,633.5999755859375,11110.0,639.9000244140625,2545313,78117236
2023-08-10 00:00:00+00:00,10922.427734375,558.2156372070312,11162.0,632.0,11184.0,633.7000122070312,11042.0,624.7000122070312,11166.0,629.9000244140625,2848203,59023405
2023-08-11 00:00:00+00:00,10793.26171875,551.8561401367188,11030.0,624.7999877929688,11124.0,632.0,10912.0,623.5,11066.0,632.0,2243755,48386496
2023-08-14 00:00:00+00:00,10875.458984375,548.94140625,11114.0,621.5,11126.0,627.5999755859375,10990.0,617.5999755859375,11082.0,624.0,898615,61518364
2023-08-15 00:00:00+00:00,10642.56640625,530.2164306640625,10876.0,600.2999877929688,11126.0,620.9000244140625,10844.0,598.7000122070312,11126.0,620.9000244140625,1345290,24642980
2023-08-16 00:00:00+00:00,10644.5244140625,520.9423217773438,10878.0,589.7999877929688,10916.0,601.5999755859375,10738.0,588.4000244140625,10884.0,599.2000122070312,1997373,37789214
2023-08-17 00:00:00+00:00,10560.369140625,523.2388305664062,10792.0,592.4000244140625,10896.0,596.7999877929688,10740.9169921875,589.7999877929688,10894.0,592.7999877929688,1467968,15492986
2023-08-18 00:00:00+00:00,10429.2451171875,515.731201171875,10658.0,583.9000244140625,10754.0,589.0999755859375,10580.0,579.4000244140625,10742.0,587.2000122070312,1807434,20736904
2023-08-21 00:00:00+00:00,10444.90234375,515.2011108398438,10674.0,583.2999877929688,10806.0,588.7000122070312,10640.0,581.7000122070312,10678.0,583.5999755859375,4598853,28590940
2023-08-22 00:00:00+00:00,10468.3876953125,512.81640625,10698.0,580.5999755859375,10768.0,586.5999755859375,10634.0,580.5999755859375,10690.0,585.5999755859375,1105121,29208014
2023-08-23 00:00:00+00:00,10538.841796875,516.5260009765625,10770.0,584.7999877929688,10813.9599609375,587.2000122070312,10664.0,581.0999755859375,10712.0,582.4000244140625,2181058,100676534
2023-08-24 00:00:00+00:00,10519.271484375,520.3240356445312,10750.0,589.0999755859375,10846.0,592.5,10742.0,587.9000244140625,10824.0,589.5,674424,61134863
2023-08-25 00:00:00+00:00,10431.203125,519.17578125,10660.0,587.7999877929688,10752.0,595.2930297851562,10612.0,586.5999755859375,10706.0,591.5,1044943,9832360
2023-08-29 00:00:00+00:00,10572.1123046875,526.1535034179688,10804.0,595.7000122070312,10900.0,598.2999877929688,10692.0,586.9000244140625,10850.0,594.9000244140625,2978845,138408401
2023-08-30 00:00:00+00:00,10503.6142578125,521.7371826171875,10734.0,590.7000122070312,10866.0,600.7999877929688,10734.0,590.7000122070312,10824.0,597.5,913945,36565404
2023-08-31 00:00:00+00:00,10433.16015625,515.0245361328125,10662.0,583.0999755859375,10802.0,592.4000244140625,10660.93359375,582.5,10714.0,591.0,2367206,45532273
2023-09-01 00:00:00+00:00,10470.34375,519.617431640625,10700.0,588.2999877929688,10734.0,590.2999877929688,10584.0,583.2999877929688,10678.0,585.7000122070312,759392,24327245
2023-09-04 00:00:00+00:00,10460.5595703125,517.4093017578125,10690.0,585.7999877929688,10802.0,595.0,10690.0,584.0,10744.0,593.9000244140625,510722,36868212
2023-09-05 00:00:00+00:00,10505.572265625,518.910888671875,10736.0,587.5,10798.0,593.4000244140625,10638.0,579.0999755859375,10662.0,581.2000122070312,1302060,20296700
2023-09-06 00:00:00+00:00,10378.3623046875,516.9676513671875,10606.0,585.2999877929688,10660.0,587.2009887695312,10544.0,579.5,10622.0,587.0,1283468,14699219
2023-09-07 00:00:00+00:00,10591.68359375,516.4378051757812,10824.0,584.7000122070312,10832.0,591.7000122070312,10586.0,581.2999877929688,10596.0,581.5,1042230,23007461
2023-09-08 00:00:00+00:00,10613.2109375,516.1727905273438,10846.0,584.4000244140625,10884.0,587.5999755859375,10798.0,576.9000244140625,10840.0,585.2000122070312,2242376,37302909
2023-09-11 00:00:00+00:00,10276.59375,521.1190185546875,10502.0,590.0,10846.0,591.4000244140625,10366.0,581.9000244140625,10846.0,582.4000244140625,2011900,23844895
2023-09-12 00:00:00+00:00,10454.6875,527.5667114257812,10684.0,597.2999877929688,10724.0,600.2999877929688,10542.0,591.2000122070312,10558.0,593.9000244140625,1423103,31541932
2023-09-13 00:00:00+00:00,10354.876953125,539.667236328125,10582.0,611.0,10690.0,614.9000244140625,10562.0,601.9000244140625,10668.0,603.0,1663183,23549819
2023-09-14 00:00:00+00:00,10581.8974609375,553.7109985351562,10814.0,626.9000244140625,10820.0,629.7000122070312,10566.0,609.2999877929688,10614.0,612.5,1797197,29081387
2023-09-15 00:00:00+00:00,10705.1923828125,555.8306884765625,10940.0,629.2999877929688,11006.0,631.9000244140625,10834.0,625.9000244140625,10882.0,629.4000244140625,4715880,77881497
2023-09-18 00:00:00+00:00,10497.7431640625,550.266357421875,10728.0,623.0,11028.6796875,630.0,10684.0,621.7999877929688,10942.0,627.0,1017587,15718615
2023-09-19 00:00:00+00:00,10388.1474609375,557.0673828125,10616.0,630.7000122070312,10640.0,631.5,10539.3994140625,623.0999755859375,10614.0,626.0,2034190,14145170
2023-09-20 00:00:00+00:00,10714.978515625,559.4522094726562,10950.0,633.4000244140625,10950.0,635.7000122070312,10742.0,629.9000244140625,10792.0,631.7999877929688,1568781,18482939
2023-09-21 00:00:00+00:00,10652.3525390625,561.8369140625,10886.0,636.0999755859375,11079.0,640.0999755859375,10886.0,628.9000244140625,10904.0,630.0,5277686,31240282
2023-09-22 00:00:00+00:00,10808.9189453125,568.0196533203125,11046.0,643.0999755859375,11190.0,649.5,10888.0,635.7000122070312,10910.0,638.0999755859375,3547059,40235747
2023-09-25 00:00:00+00:00,10953.7412109375,564.0450439453125,11194.0,638.5999755859375,11260.0,643.0999755859375,11044.0,635.4000244140625,11138.0,639.5,3471175,75173293
2023-09-26 00:00:00+00:00,10924.3857421875,564.5750122070312,11164.0,639.2000122070312,11262.0,640.5999755859375,11120.0,632.9000244140625,11156.0,636.5,1606820,18876589
2023-09-27 00:00:00+00:00,10879.373046875,565.1932983398438,11118.0,639.9000244140625,11310.0,641.9000244140625,11088.0,635.7999877929688,11208.0,638.5,1501177,48649788
2023-09-28 00:00:00+00:00,10769.7763671875,569.609619140625,11006.0,644.9000244140625,11190.0,645.9000244140625,10878.0,634.8499755859375,11118.0,639.7999877929688,1491439,45263621
2023-09-29 00:00:00+00:00,10863.7158203125,569.609619140625,11102.0,644.9000244140625,11234.0,650.0999755859375,11020.0,643.2999877929688,11046.0,648.5999755859375,1752888,22317823
2023-10-02 00:00:00+00:00,10714.978515625,565.10498046875,10950.0,639.7999877929688,11188.0,652.2999877929688,10870.0,637.9000244140625,11060.0,648.5,3816373,31837619
2023-10-03 00:00:00+00:00,10673.8798828125,569.87451171875,10908.0,645.2000122070312,11070.0,656.5,10884.0,636.2999877929688,10996.0,637.7999877929688,1297146,25649014
2023-10-04 00:00:00+00:00,10658.2236328125,565.7232666015625,10892.0,640.5,10940.451171875,647.4000244140625,10790.0,639.0,10900.0,642.2999877929688,2200732,35708961
2023-10-05 00:00:00+00:00,10668.0087890625,569.2562866210938,10902.0,644.5,10990.0,649.7999877929688,10858.0,636.7999877929688,10912.0,642.0,1102217,21812777
2023-10-06 00:00:00+00:00,10707.150390625,578.265380859375,10942.0,654.7000122070312,10982.0,657.7000122070312,10858.0,642.0,10956.0,649.5999755859375,1250802,37660935
2023-10-09 00:00:00+00:00,10622.99609375,569.6979370117188,10856.0,645.0,10956.0,652.5999755859375,10810.0,641.5,10908.0,651.4000244140625,2558599,18973365
2023-10-10 00:00:00+00:00,10742.3779296875,581.0035400390625,10978.0,657.7999877929688,11022.0,660.5999755859375,10784.0,648.2000122070312,10930.0,650.0,1237326,34573439
2023-10-11 00:00:00+00:00,10709.107421875,582.0632934570312,10944.0,659.0,11062.0,661.5,10868.0,651.0999755859375,10970.0,655.4000244140625,2745784,17751343
2023-10-12 00:00:00+00:00,10881.330078125,581.0918579101562,11120.0,657.9000244140625,11152.0,664.5,10884.0,654.5999755859375,10982.0,660.4000244140625,1536321,31737934
2023-10-13 00:00:00+00:00,10738.4638671875,576.4105224609375,10974.0,652.5999755859375,11176.0,663.2000122070312,10884.0,647.0999755859375,11108.0,655.4000244140625,1162288,15780448
2023-10-16 00:00:00+00:00,10736.5068359375,575.2623291015625,10972.0,651.2999877929688,10996.0,653.7999877929688,10831.2001953125,648.0999755859375,10928.0,652.5999755859375,1702777,26351027
2023-10-17 00:00:00+00:00,11028.1103515625,576.7638549804688,11270.0,653.0,11304.0,655.5,10910.0,643.0999755859375,10998.0,647.0,2225240,36574818
2023-10-18 00:00:00+00:00,10384.232421875,574.3790893554688,10612.0,650.2999877929688,11244.0,657.5999755859375,10593.5576171875,648.5999755859375,11176.0,653.7999877929688,3678685,21094402
2023-10-19 00:00:00+00:00,10262.89453125,566.3414916992188,10488.0,641.2000122070312,10652.0,654.7000122070312,10440.0,638.5,10538.0,645.5,2131732,22582692
2023-10-20 00:00:00+00:00,10206.1396484375,543.9952392578125,10430.0,615.9000244140625,10534.0,632.18701171875,10364.0,615.7000122070312,10474.0,631.2999877929688,2024298,38831847
2023-10-23 00:00:00+00:00,9883.2216796875,540.9920654296875,10100.0,612.5,10522.0,617.5,10082.0,608.7000122070312,10464.0,616.2000122070312,2181139,13959110
2023-10-24 00:00:00+00:00,10213.9677734375,541.257080078125,10438.0,612.7999877929688,10456.0,616.9000244140625,10062.0,607.0999755859375,10264.0,611.5,2379083,18211871
2023-10-25 00:00:00+00:00,10319.650390625,543.2885131835938,10546.0,615.0999755859375,10566.0,617.9000244140625,10372.0,608.2000122070312,10466.0,612.0999755859375,2347407,39620658
2023-10-26 00:00:00+00:00,10168.955078125,537.989013671875,10392.0,609.0999755859375,10514.0,619.2000122070312,10368.0,595.0999755859375,10438.0,609.7000122070312,2652740,75777476
2023-10-27 00:00:00+00:00,9906.70703125,530.8347778320312,10124.0,601.0,10458.0,618.0,10102.0,598.7000122070312,10288.0,614.9000244140625,1707716,35680976
2023-10-30 00:00:00+00:00,9998.6904296875,518.734130859375,10218.0,587.2999877929688,10320.0,608.5999755859375,10088.0,582.5999755859375,10140.0,603.7000122070312,4438387,169130927
2023-10-31 00:00:00+00:00,10030.0029296875,523.1504516601562,10250.0,592.2999877929688,10330.0,597.7000122070312,10162.0,587.0,10278.0,587.7999877929688,2913453,49522167
2023-11-01 00:00:00+00:00,10114.1572265625,521.2073364257812,10336.0,590.0999755859375,10402.0,599.5,10162.0,582.0999755859375,10298.0,596.7000122070312,1837433,29210099
2023-11-02 00:00:00+00:00,10139.599609375,531.0997314453125,10362.0,601.2999877929688,10440.0,602.7999877929688,10264.0,586.7999877929688,10376.0,597.0,1595747,25610068
2023-11-03 00:00:00+00:00,10049.5732421875,531.8946533203125,10270.0,602.2000122070312,10416.0,611.4000244140625,10160.0,598.0,10334.0,608.9000244140625,1219573,21517497
2023-11-06 00:00:00+00:00,10055.4443359375,538.1657104492188,10276.0,609.2999877929688,10320.0,613.2000122070312,10194.0,597.5999755859375,10248.0,606.7999877929688,1893919,67681095
2023-11-07 00:00:00+00:00,10010.431640625,537.282470703125,10230.0,608.2999877929688,10290.0,613.7000122070312,10146.0,604.4000244140625,10208.0,608.0,1729632,15816453
2023-11-08 00:00:00+00:00,9951.7197265625,536.3992309570312,10170.0,607.2999877929688,10400.0,612.5,10170.0,603.7000122070312,10248.0,609.0999755859375,4678524,41676193
2023-11-09 00:00:00+00:00,10212.0107421875,539.7579956054688,10436.0,603.0999755859375,10600.0,604.9000244140625,10274.0,593.0,10600.0,600.0,2005703,32529807
2023-11-10 00:00:00+00:00,9873.4365234375,536.2676391601562,10090.0,599.2000122070312,10510.0,604.7620239257812,10026.0,596.4500122070312,10402.0,600.9000244140625,1775830,42157635
2023-11-13 00:00:00+00:00,10028.0458984375,544.0538330078125,10248.0,607.9000244140625,10314.0,609.4000244140625,10122.0,601.5,10182.0,603.5,1737947,57743902
2023-11-14 00:00:00+00:00,9967.376953125,541.3689575195312,10186.0,604.9000244140625,10332.0,612.5999755859375,10146.0,602.9000244140625,10304.0,609.0999755859375,1464278,30938808
2023-11-15 00:00:00+00:00,9873.4365234375,552.1980590820312,10090.0,617.0,10290.0,620.8989868164062,10058.0,612.0,10230.0,612.5999755859375,1944444,35330298
2023-11-16 00:00:00+00:00,9947.8056640625,544.8593139648438,10166.0,608.7999877929688,10178.0,620.0,10012.0,607.0,10066.0,614.5,2120644,34804039
2023-11-17 00:00:00+00:00,10039.7890625,550.7661743164062,10260.0,615.4000244140625,10328.0,617.2000122070312,10178.0,604.0999755859375,10212.0,609.7000122070312,1631489,34504146
2023-11-20 00:00:00+00:00,9889.09375,551.4821166992188,10106.0,616.2000122070312,10246.0,619.0999755859375,10042.0,611.7999877929688,10132.0,616.0999755859375,1727350,44783216
2023-11-21 00:00:00+00:00,9973.2470703125,548.8866577148438,10192.0,613.2999877929688,10192.0,613.7999877929688,10040.0,608.0999755859375,10106.0,613.0,858427,14585612
2023-11-22 00:00:00+00:00,9869.5224609375,542.9797973632812,10086.0,606.7000122070312,10238.0,617.0,10072.0,600.5999755859375,10176.0,612.5,1785560,29910210
2023-11-23 00:00:00+00:00,9955.6337890625,547.4547119140625,10174.0,611.7000122070312,10246.0,615.4000244140625,9983.0,608.2999877929688,10110.0,610.9000244140625,735970,29132362
2023-11-24 00:00:00+00:00,9961.5048828125,545.4857788085938,10180.0,609.5,10264.0,615.7999877929688,10118.0,602.4000244140625,10198.0,606.2000122070312,1108994,18442241
2023-11-27 00:00:00+00:00,9761.8837890625,543.6063232421875,9976.0,607.4000244140625,10236.0,613.2999877929688,9976.0,604.7000122070312,10142.0,608.5999755859375,1447262,12741786
2023-11-28 00:00:00+00:00,9687.515625,543.4273071289062,9900.0,607.2000122070312,10068.0,610.9000244140625,9851.0,601.9000244140625,9956.0,605.5999755859375,3203391,16148874
2023-11-29 00:00:00+00:00,9816.681640625,532.3297729492188,10032.0,594.7999877929688,10084.0,600.4000244140625,9778.0,589.5999755859375,9894.0,599.7999877929688,1725710,18710486
2023-11-30 00:00:00+00:00,9908.6650390625,538.8629760742188,10126.0,602.0999755859375,10158.0,604.4000244140625,9895.0,591.7000122070312,10036.0,595.2000122070312,9359776,72256545
2023-12-01 00:00:00+00:00,9979.119140625,540.6529541015625,10198.0,604.0999755859375,10304.0,606.2000122070312,9993.0,599.7000122070312,10188.0,601.0,1154807,17159018
2023-12-04 00:00:00+00:00,10045.6591796875,540.6529541015625,10266.0,604.0999755859375,10278.0,607.7000122070312,10086.0,600.0999755859375,10138.0,604.5,1170647,21937520
2023-12-05 00:00:00+00:00,9926.2783203125,540.0264892578125,10144.0,603.4000244140625,10328.0,607.7000122070312,10080.0,595.0,10214.0,599.0,1325441,34731522
2023-12-06 00:00:00+00:00,9912.5791015625,550.1397094726562,10130.0,614.7000122070312,10256.0,617.7999877929688,10082.0,599.7000122070312,10194.0,605.4000244140625,2642947,22067387
2023-12-07 00:00:00+00:00,9881.265625,548.0812377929688,10098.0,612.4000244140625,10190.0,618.2999877929688,10026.0,605.7000122070312,10110.0,608.2000122070312,1517762,31326168
2023-12-08 00:00:00+00:00,9904.75,554.1670532226562,10122.0,619.2000122070312,10196.0,622.6119995117188,10036.0,606.9000244140625,10124.0,610.5,1060358,16787704
2023-12-11 00:00:00+00:00,9879.3076171875,551.6611328125,10096.0,616.4000244140625,10150.0,618.7999877929688,9949.0,610.0,10096.0,616.5999755859375,1756079,38937769
2023-12-12 00:00:00+00:00,9953.677734375,553.8090209960938,10172.0,618.7999877929688,10283.7265625,622.1500244140625,10104.0,612.7999877929688,10124.0,618.0,2707895,34760601
2023-12-13 00:00:00+00:00,10166.9970703125,552.3771362304688,10390.0,617.2000122070312,10498.0,623.2999877929688,10110.0,615.0999755859375,10212.0,618.9000244140625,2683892,18329694
2023-12-14 00:00:00+00:00,10243.32421875,551.5715942382812,10468.0,616.2999877929688,10690.0,624.7000122070312,10328.0,609.2000122070312,10532.0,614.0,5495627,45633145
2023-12-15 00:00:00+00:00,9967.376953125,545.0382690429688,10186.0,609.0,10430.0,618.5,10140.0,607.7000122070312,10362.0,615.9000244140625,5082046,66718603
2023-12-18 00:00:00+00:00,10133.7275390625,548.4391479492188,10356.0,612.7999877929688,10382.0,615.2000122070312,10124.0,605.2999877929688,10220.0,608.4000244140625,1600437,17678793
2023-12-19 00:00:00+00:00,10123.9423828125,548.7077026367188,10346.0,613.0999755859375,10424.0,616.4000244140625,10272.0,608.9000244140625,10356.0,612.4000244140625,2158756,29300414
2023-12-20 00:00:00+00:00,10258.98046875,554.3460083007812,10484.0,619.4000244140625,10560.0,626.0,10282.0,609.5,10412.0,620.7000122070312,3950260,62285389
2023-12-21 00:00:00+00:00,10255.06640625,557.1204833984375,10480.0,622.5,10552.0,624.8770141601562,10368.0,615.2999877929688,10436.0,619.2999877929688,2224399,21034187
2023-12-22 00:00:00+00:00,10212.0107421875,561.86376953125,10436.0,627.7999877929688,10454.0,628.9000244140625,10350.0,622.2000122070312,10350.0,623.5,651734,10833490
2023-12-27 00:00:00+00:00,10302.0361328125,565.1752319335938,10528.0,631.5,10622.0,636.5989990234375,10428.0,624.0999755859375,10472.0,628.2000122070312,1044256,16151929
2023-12-28 00:00:00+00:00,10347.048828125,565.2646484375,10574.0,631.5999755859375,10712.0,633.7000122070312,10350.0,629.2999877929688,10564.0,631.2000122070312,708410,9952106
2023-12-29 00:00:00+00:00,10372.490234375,568.755126953125,10600.0,635.5,10662.0,635.5,10306.0,632.0999755859375,10526.0,632.7000122070312,455940,5844099
2024-01-02 00:00:00+00:00,10556.455078125,564.2802124023438,10788.0,630.5,10838.0,634.7000122070312,10534.0,626.0,10632.0,632.7000122070312,1688733,39992864
2024-01-03 00:00:00+00:00,10509.486328125,559.7158813476562,10740.0,625.4000244140625,10810.0,636.4000244140625,10626.0,624.5999755859375,10686.0,634.0999755859375,2972338,26407890
2024-01-04 00:00:00+00:00,10630.82421875,566.0701904296875,10864.0,632.5,10902.0,632.5999755859375,10746.0,622.7000122070312,10768.0,627.2000122070312,1896074,26385924
2024-01-05 00:00:00+00:00,10527.099609375,567.6810913085938,10758.0,634.2999877929688,10842.0,635.5999755859375,10714.0,628.0,10756.0,631.0,1161094,56358956
2024-01-08 00:00:00+00:00,10540.798828125,572.7825317382812,10772.0,640.0,10772.0,643.2000122070312,10676.0,630.2000122070312,10716.0,630.2000122070312,1921363,21200929
2024-01-09 00:00:00+00:00,10668.0087890625,567.860107421875,10902.0,634.5,10918.0,640.2999877929688,10814.0,634.5,10834.0,638.7999877929688,3005457,48042479
2024-01-10 00:00:00+00:00,10666.0517578125,564.459228515625,10900.0,630.7000122070312,10926.0,635.5,10810.0,629.7000122070312,10830.0,633.4000244140625,1411866,19739089
2024-01-11 00:00:00+00:00,10597.5537109375,547.186279296875,10830.0,611.4000244140625,11022.0,633.9000244140625,10716.0,611.4000244140625,10928.0,632.4000244140625,2156932,69070482
2024-01-12 00:00:00+00:00,10628.8671875,546.0227661132812,10862.0,610.0999755859375,10888.0,618.0999755859375,10814.0,609.7999877929688,10838.0,616.0999755859375,1212597,22011630
2024-01-15 00:00:00+00:00,10619.08203125,533.76171875,10852.0,596.4000244140625,10900.0,612.5,10804.0,591.7000122070312,10824.0,599.0999755859375,2283608,32884376
2024-01-16 00:00:00+00:00,10417.5029296875,531.166259765625,10646.0,593.5,10766.0,596.4000244140625,10478.0,588.7000122070312,10714.0,595.5999755859375,2913853,25433948
2024-01-17 00:00:00+00:00,10221.7958984375,525.9754638671875,10446.0,587.7000122070312,10570.0,587.7000122070312,10360.0,581.7000122070312,10500.0,586.0,2279952,24131792
2024-01-18 00:00:00+00:00,10208.095703125,527.58642578125,10432.0,589.5,10434.0,593.7999877929688,10342.0,586.0,10366.0,589.5999755859375,4541622,56327281
2024-01-19 00:00:00+00:00,10282.4658203125,526.6019287109375,10508.0,588.4000244140625,10654.0,594.0999755859375,10458.0,587.4000244140625,10458.0,592.0,2568801,24400575
2024-01-22 00:00:00+00:00,10362.705078125,534.4777221679688,10590.0,597.2000122070312,10904.0,599.7000122070312,10452.0,588.0999755859375,10468.0,588.0999755859375,4529556,61548584
2024-01-23 00:00:00+00:00,10227.6669921875,535.9096069335938,10452.0,598.7999877929688,10626.0,602.5,10370.0,594.2999877929688,10584.0,596.9000244140625,3506309,65414910
2024-01-24 00:00:00+00:00,10229.625,541.3689575195312,10454.0,604.9000244140625,10536.0,607.0999755859375,10398.0,600.5,10508.0,601.7000122070312,1801745,27986792
2024-01-25 00:00:00+00:00,10223.7529296875,541.3689575195312,10448.0,604.9000244140625,10474.0,609.0,10362.0,602.5,10432.0,606.5,1237869,16358428
2024-01-26 00:00:00+00:00,10319.650390625,552.108642578125,10546.0,616.9000244140625,10660.0,619.2999877929688,10521.6796875,610.5,10526.0,610.7999877929688,2343648,49109073
2024-01-29 00:00:00+00:00,10341.177734375,552.1980590820312,10568.0,617.0,10614.0,622.2000122070312,10512.0,617.0,10550.0,619.0,1795640,22053588
2024-01-30 00:00:00+00:00,10358.791015625,555.9569702148438,10586.0,621.2000122070312,10682.0,622.4000244140625,10562.0,614.5,10578.0,617.2000122070312,1999073,18308073
2024-01-31 00:00:00+00:00,10274.6376953125,553.2720947265625,10500.0,618.2000122070312,10654.0,625.2999877929688,10500.0,617.2999877929688,10610.0,618.0,2715037,41490462
2024-02-01 00:00:00+00:00,10206.1396484375,547.0072021484375,10430.0,611.2000122070312,10566.0,621.9000244140625,10392.0,609.4500122070312,10548.0,615.7999877929688,2269904,52940246
2024-02-02 00:00:00+00:00,10137.6416015625,549.6026611328125,10360.0,614.0999755859375,10510.1298828125,618.0,10360.0,611.5,10496.0,617.0999755859375,2943228,48044233
2024-02-05 00:00:00+00:00,10137.6416015625,554.1670532226562,10360.0,619.2000122070312,10432.0,622.8499755859375,10306.0,617.5,10360.0,620.7000122070312,1682816,99168504
2024-02-06 00:00:00+00:00,10307.9072265625,565.6227416992188,10534.0,632.0,10544.0,633.9000244140625,10314.0,625.9010009765625,10372.0,626.0999755859375,1552211,38617671
2024-02-07 00:00:00+00:00,10264.8515625,561.3268432617188,10490.0,627.2000122070312,10652.0,633.2000122070312,10490.0,625.9000244140625,10604.0,629.7999877929688,2075810,19790120
2024-02-08 00:00:00+00:00,9612.16796875,552.8245849609375,9823.0,617.7000122070312,10490.0,627.0,9700.0,616.7000122070312,10404.0,625.7000122070312,6500972,22450255
2024-02-09 00:00:00+00:00,9551.498046875,545.4857788085938,9761.0,609.5,9983.0,619.5,9722.0,608.0999755859375,9891.0,618.9000244140625,5562493,20501792
2024-02-12 00:00:00+00:00,9297.078125,544.5013427734375,9501.0,608.4000244140625,9734.0,611.0999755859375,9461.0,601.7000122070312,9700.0,607.5999755859375,4460371,24285482
2024-02-13 00:00:00+00:00,9393.953125,546.3807373046875,9600.0,610.5,9670.0,615.9000244140625,9550.0,607.0,9586.0,607.9000244140625,2232817,20597163
2024-02-14 00:00:00+00:00,9515.29296875,555.509521484375,9724.0,620.7000122070312,9736.0,625.7999877929688,9541.0,617.7000122070312,9649.0,618.2000122070312,6274728,23022225
2024-02-15 00:00:00+00:00,9615.103515625,560.789794921875,9826.0,626.5999755859375,9867.0,628.9000244140625,9674.0,623.5,9729.0,625.0,2047764,24051853
2024-02-16 00:00:00+00:00,9877.3515625,571.70849609375,10094.0,638.7999877929688,10112.0,639.5999755859375,9849.0,627.5999755859375,9900.0,629.5,2703767,29084164
2024-02-19 00:00:00+00:00,10194.396484375,571.1715087890625,10418.0,638.2000122070312,10498.0,640.2000122070312,10294.0,632.2000122070312,10338.0,634.2000122070312,1881311,21133312
2024-02-20 00:00:00+00:00,9984.990234375,576.183349609375,10204.0,643.7999877929688,10428.396484375,644.0999755859375,10204.0,636.0,10370.0,636.2000122070312,2386943,34980834
2024-02-21 00:00:00+00:00,9885.1796875,527.8548583984375,10102.0,589.7999877929688,10180.0,616.0999755859375,10068.0,584.4000244140625,10126.0,613.0,1580412,88244747
2024-02-22 00:00:00+00:00,9974.62890625,528.4813232421875,10036.0,590.5,10036.0,600.5,9822.0,587.7999877929688,10030.0,598.0999755859375,8891048,77946571
2024-02-23 00:00:00+00:00,10157.50390625,534.4777221679688,10220.0,597.2000122070312,10254.0,601.0999755859375,9998.0,595.2999877929688,10008.0,596.2000122070312,4911338,47054556
2024-02-26 00:00:00+00:00,10191.2958984375,533.1351928710938,10254.0,595.7000122070312,10360.0,600.6500244140625,10222.0,592.7000122070312,10222.0,600.2999877929688,5309043,89084463
2024-02-27 00:00:00+00:00,10264.84375,539.1315307617188,10328.0,602.4000244140625,10345.4677734375,604.9000244140625,10214.0,598.5,10246.0,599.0,6762881,60013567
2024-02-28 00:00:00+00:00,10117.748046875,545.4857788085938,10180.0,609.5,10344.0,613.4000244140625,10180.0,601.9000244140625,10318.0,605.4000244140625,2604518,52420210
2024-02-29 00:00:00+00:00,9921.953125,549.9606323242188,9983.0,614.5,10202.0,620.5,9982.001953125,606.2000122070312,10202.0,606.5999755859375,4557961,56956110
2024-03-01 00:00:00+00:00,10018.3603515625,548.4391479492188,10080.0,612.7999877929688,10114.412109375,624.780029296875,10000.994140625,612.7000122070312,10046.0,617.7999877929688,2743747,25741180
2024-03-04 00:00:00+00:00,9984.568359375,544.5013427734375,10046.0,608.4000244140625,10128.0,613.698974609375,10000.724609375,604.5,10108.0,609.0999755859375,2098271,29293343
2024-03-05 00:00:00+00:00,10050.1640625,546.0227661132812,10112.0,610.0999755859375,10162.0,611.5999755859375,10012.0,600.5,10090.0,604.4000244140625,1476068,50278186
2024-03-06 00:00:00+00:00,10077.9931640625,547.7232055664062,10140.0,612.0,10158.0,613.7000122070312,10008.0,603.4000244140625,10100.0,608.0999755859375,1953799,45095839
2024-03-07 00:00:00+00:00,10171.41796875,556.8676147460938,10234.0,590.7000122070312,10250.0,594.239990234375,10082.0,583.5999755859375,10132.0,586.4000244140625,2649188,43620401
2024-03-08 00:00:00+00:00,10133.650390625,546.686279296875,10196.0,579.9000244140625,10258.0,590.0999755859375,10142.0,579.7000122070312,10214.0,589.7000122070312,1607116,43793152
2024-03-11 00:00:00+00:00,10386.09765625,542.821044921875,10450.0,575.7999877929688,10450.0,581.0,10198.0,572.9000244140625,10198.0,578.5,8877859,51557214
2024-03-12 00:00:00+00:00,10372.1826171875,558.6588134765625,10436.0,592.5999755859375,10534.0,594.2999877929688,10430.0,584.0999755859375,10498.0,585.2000122070312,3246477,55525865
2024-03-13 00:00:00+00:00,10394.048828125,555.9249267578125,10458.0,589.7000122070312,10516.0,598.5999755859375,10348.0,589.2999877929688,10434.0,592.5999755859375,4183231,35428913
2024-03-14 00:00:00+00:00,10338.390625,552.81396484375,10402.0,586.4000244140625,10490.0,590.5499877929688,10388.0,584.0,10480.0,590.2000122070312,2846632,44407570
2024-03-15 00:00:00+00:00,10231.0517578125,563.7495727539062,10294.0,598.0,10488.0,598.0999755859375,10286.0,584.9000244140625,10390.0,586.2000122070312,5253583,144608653
2024-03-18 00:00:00+00:00,10227.076171875,567.9918212890625,10290.0,602.5,10340.0,607.0,10240.0,596.4000244140625,10340.0,596.7999877929688,3885042,37891932
2024-03-19 00:00:00+00:00,10165.455078125,568.3689575195312,10228.0,602.9000244140625,10248.0,605.6900024414062,10162.0,599.7999877929688,10236.0,600.0,1773910,23063736
2024-03-20 00:00:00+00:00,10101.8466796875,570.7257690429688,10164.0,605.4000244140625,10236.0,608.0,10154.0,599.0,10218.0,600.9000244140625,1102531,34999580
2024-03-21 00:00:00+00:00,10364.232421875,585.5264892578125,10428.0,621.0999755859375,10446.0,624.0,10166.0,608.7999877929688,10166.0,609.5,1835813,46221272
2024-03-22 00:00:00+00:00,10417.9013671875,589.10888671875,10482.0,624.9000244140625,10548.0,629.7000122070312,10380.0,619.4000244140625,10390.0,619.5999755859375,1243838,31173104
2024-03-25 00:00:00+00:00,10330.439453125,588.8260498046875,10394.0,624.5999755859375,10468.0,625.4000244140625,10352.0,619.844970703125,10434.0,622.5,1557853,20581329
2024-03-26 00:00:00+00:00,10376.158203125,591.371337890625,10440.0,627.2999877929688,10440.0,628.2000122070312,10314.0,623.0,10368.0,624.0,1745893,19146886
2024-03-27 00:00:00+00:00,10676.3115234375,579.77587890625,10742.0,615.0,10748.0,622.0999755859375,10454.0,612.5,10460.0,621.5,2607662,21079290
2024-03-28 00:00:00+00:00,10612.703125,583.5467529296875,10678.0,619.0,10780.0,627.5,10674.0,618.0,10756.0,618.7999877929688,1759110,31683472
2024-04-02 00:00:00+00:00,10539.1552734375,585.8093872070312,10604.0,621.4000244140625,10814.0,632.4000244140625,10562.0,619.4000244140625,10810.0,629.2000122070312,1901480,25424009
2024-04-03 00:00:00+00:00,10497.412109375,594.9537353515625,10562.0,631.0999755859375,10592.0,631.0999755859375,10417.6123046875,618.7000122070312,10520.0,620.5,2136096,28446283
2024-04-04 00:00:00+00:00,10670.3486328125,604.9466552734375,10736.0,641.7000122070312,10844.0,644.4000244140625,10562.0,633.0999755859375,10566.0,634.5,2019893,30442640
2024-04-05 00:00:00+00:00,10555.0576171875,604.663818359375,10620.0,641.4000244140625,10652.0,641.7999877929688,10540.0,634.0,10586.0,636.0999755859375,2609662,57354782
2024-04-08 00:00:00+00:00,10545.119140625,607.5863037109375,10610.0,644.5,10648.0,646.0,10504.0,637.5999755859375,10588.0,639.7000122070312,1444515,17801945
2024-04-09 00:00:00+00:00,10642.51953125,607.7747802734375,10708.0,644.7000122070312,10714.0,649.2000122070312,10548.0,643.0999755859375,10592.0,644.2000122070312,1716381,56964110
2024-04-10 00:00:00+00:00,10666.373046875,625.2152709960938,10732.0,663.2000122070312,10762.0,665.0,10618.0,649.0,10762.0,650.0,1500522,53216145
2024-04-11 00:00:00+00:00,10894.966796875,609.6602172851562,10962.0,646.7000122070312,11092.0,662.9000244140625,10816.0,644.4000244140625,10840.0,659.5999755859375,2698526,39103496
2024-04-12 00:00:00+00:00,10996.3427734375,615.9765014648438,11064.0,653.4000244140625,11184.01953125,660.0999755859375,10960.0,647.5,10982.0,647.5,2603424,31007911
2024-04-15 00:00:00+00:00,10956.5869140625,613.8082275390625,11024.0,651.0999755859375,11080.0,659.7999877929688,10932.0,650.0,11030.0,653.0,1392029,24347647
2024-04-16 00:00:00+00:00,10811.48046875,595.5194091796875,10878.0,631.7000122070312,10966.0,642.5,10822.0,630.5,10882.0,642.5,1318970,27235255
2024-04-17 00:00:00+00:00,10795.578125,599.6673583984375,10862.0,636.0999755859375,10948.0,641.7999877929688,10802.0,631.2000122070312,10850.0,633.0,2243525,19309290
2024-04-18 00:00:00+00:00,10847.259765625,607.6805419921875,10914.0,644.5999755859375,11018.0,645.5999755859375,10858.0,637.5999755859375,10946.0,639.2999877929688,2446630,56508011
2024-04-19 00:00:00+00:00,10879.064453125,609.1889038085938,10946.0,646.2000122070312,10954.0,647.5999755859375,10764.0,633.7999877929688,10914.0,635.5,1407714,42777852
2024-04-22 00:00:00+00:00,11181.205078125,628.326171875,11250.0,666.5,11306.0,669.7999877929688,11004.0,653.2999877929688,11034.0,655.7000122070312,3448159,25523717
2024-04-23 00:00:00+00:00,11199.095703125,629.45751953125,11268.0,667.7000122070312,11362.0,669.5999755859375,11220.0,663.7999877929688,11250.0,665.7999877929688,3561073,32647963
2024-04-24 00:00:00+00:00,11282.58203125,625.59228515625,11352.0,663.5999755859375,11412.0,668.4000244140625,11288.0,662.2999877929688,11288.0,666.5,3596131,21390323
2024-04-25 00:00:00+00:00,11952.4599609375,623.9896850585938,12026.0,661.9000244140625,12096.0,663.9000244140625,11790.0,657.7000122070312,11890.0,662.5,4952967,26470399
2024-04-26 00:00:00+00:00,11914.6923828125,625.59228515625,11988.0,663.5999755859375,12144.0,665.7999877929688,11882.0,661.0999755859375,12070.0,663.0999755859375,2360260,15520886
2024-04-29 00:00:00+00:00,11950.47265625,629.8345336914062,12024.0,668.0999755859375,12488.0,671.218017578125,12018.0,666.4000244140625,12254.0,666.4000244140625,3704143,20180940
2024-04-30 00:00:00+00:00,11988.240234375,655.7594604492188,12062.0,695.5999755859375,12144.0,702.5,11886.0,659.5999755859375,11950.0,678.2000122070312,2553342,44382642
2024-05-01 00:00:00+00:00,12095.5791015625,657.5507202148438,12170.0,697.5,12156.0,697.6069946289062,12156.0,696.7999877929688,12194.0,693.2000122070312,264606,1752322
2024-05-02 00:00:00+00:00,12081.6650390625,664.62109375,12156.0,705.0,12258.0,705.4000244140625,12048.0,704.4359741210938,12114.0,705.4000244140625,1961686,7966770
2024-05-03 00:00:00+00:00,11976.3134765625,665.0924682617188,12050.0,705.5,12178.0,714.4000244140625,12010.0,700.7000122070312,12092.0,706.5,1642783,16832563
2024-05-07 00:00:00+00:00,12043.8974609375,671.7858276367188,12118.0,712.5999755859375,12162.0,717.7000122070312,11966.0,708.198974609375,11966.0,708.9000244140625,2562233,55817425
2024-05-08 00:00:00+00:00,12189.0048828125,679.5161743164062,12264.0,720.7999877929688,12384.0,724.5,12004.0,718.0,12244.0,722.2999877929688,2091841,31193174
2024-05-09 00:00:00+00:00,12256.5888671875,670.8741455078125,12332.0,690.9000244140625,12388.0,725.2000122070312,12190.0,690.9000244140625,12268.0,700.0,1329957,24832537
2024-05-10 00:00:00+00:00,12294.3564453125,675.8263549804688,12370.0,696.0,12442.0,704.323974609375,12258.0,686.7000122070312,12350.0,693.5999755859375,1408187,21429600
2024-05-13 00:00:00+00:00,12242.6748046875,678.93359375,12318.0,699.2000122070312,12428.0,700.2000122070312,12252.0,688.0999755859375,12326.0,692.0999755859375,4031899,18083633
2024-05-14 00:00:00+00:00,12171.1142578125,685.9249267578125,12246.0,706.4000244140625,12406.0,708.0,12220.0,695.0,12324.0,700.7999877929688,6023670,80125072
2024-05-15 00:00:00+00:00,12097.5673828125,681.361083984375,12172.0,701.7000122070312,12320.0,713.2999877929688,12132.0,701.0999755859375,12240.0,709.0,1473536,15971090
2024-05-16 00:00:00+00:00,12091.603515625,676.311767578125,12166.0,696.5,12246.0,714.5999755859375,12076.0,685.0,12180.0,707.0,1649252,35516089
2024-05-17 00:00:00+00:00,12035.9462890625,676.7973022460938,12110.0,697.0,12256.0,703.2000122070312,12068.0,688.4000244140625,12186.0,694.0,1676789,27895752
2024-05-20 00:00:00+00:00,12022.0322265625,675.4378662109375,12096.0,695.5999755859375,12156.0,697.9000244140625,12014.0,694.7999877929688,12090.0,696.0999755859375,1582383,15407264
2024-05-21 00:00:00+00:00,12288.3935546875,677.47705078125,12364.0,697.7000122070312,12440.0,699.7999877929688,12066.0,688.7999877929688,12150.0,693.7999877929688,2178866,16019405
2024-05-22 00:00:00+00:00,12284.41796875,672.718994140625,12360.0,692.7999877929688,12440.0,703.5709838867188,12255.181640625,691.9990234375,12358.0,697.7000122070312,1953010,19973504
2024-05-23 00:00:00+00:00,12328.1484375,671.3596801757812,12404.0,691.4000244140625,12450.0,700.2000122070312,12264.0,688.5999755859375,12330.0,696.2000122070312,1440381,16675622
2024-05-24 00:00:00+00:00,12220.80859375,673.3016967773438,12296.0,693.4000244140625,12442.0,697.2000122070312,12244.0,683.7999877929688,12334.0,689.2999877929688,919468,15148768
2024-05-28 00:00:00+00:00,11954.4482421875,668.0581665039062,12028.0,688.0,12266.0,697.5999755859375,11988.0,683.5,12226.0,693.0,2196897,20359945
2024-05-29 00:00:00+00:00,11857.046875,665.2421875,11930.0,685.0999755859375,12094.0,692.7000122070312,11879.2412109375,682.4000244140625,12052.0,688.5,2028914,16614446
2024-05-30 00:00:00+00:00,11954.4482421875,672.718994140625,12028.0,692.7999877929688,12188.0,694.0999755859375,11858.0,677.5,12108.0,681.7000122070312,1694793,23090714
2024-05-31 00:00:00+00:00,12115.45703125,676.2147216796875,12190.0,696.4000244140625,12214.0,697.5,11954.0,688.5999755859375,12036.0,693.9000244140625,4183291,53598148
2024-06-03 00:00:00+00:00,12270.5029296875,673.2045288085938,12346.0,693.2999877929688,12380.0,701.0999755859375,12088.0,691.0120239257812,12304.0,699.2000122070312,2147969,16041403
2024-06-04 00:00:00+00:00,12328.1484375,670.1944580078125,12404.0,690.2000122070312,12470.0,693.4000244140625,12322.0,684.198974609375,12334.0,690.5,1646266,22633804
2024-06-05 00:00:00+00:00,12439.4638671875,665.6306762695312,12516.0,685.5,12586.0,689.9000244140625,12328.0,680.2000122070312,12500.0,685.2000122070312,1815206,23768135
2024-06-06 00:00:00+00:00,12513.0107421875,672.136474609375,12590.0,692.2000122070312,12640.0,693.9500122070312,12440.0,681.0,12566.0,685.5,1326464,13066947
2024-06-07 00:00:00+00:00,12479.21875,674.4668579101562,12556.0,694.5999755859375,12704.0,699.9000244140625,12474.0,687.2000122070312,12626.0,691.4000244140625,2907425,17531587
2024-06-10 00:00:00+00:00,12522.9501953125,673.4957885742188,12600.0,693.5999755859375,12632.0,698.7999877929688,12480.0,688.5,12550.0,690.5,1555931,19224837
2024-06-11 00:00:00+00:00,12300.3193359375,657.9595947265625,12376.0,677.5999755859375,12696.0,697.7999877929688,12342.0,674.0,12630.0,693.4000244140625,1720592,22207081
2024-06-12 00:00:00+00:00,12389.76953125,662.0379028320312,12466.0,681.7999877929688,12563.6572265625,689.0,12300.0,673.5,12476.0,681.2000122070312,3288083,18165743
2024-06-13 00:00:00+00:00,12316.2216796875,653.6871948242188,12392.0,673.2000122070312,12512.0,681.4000244140625,12329.361328125,671.5999755859375,12466.0,680.5999755859375,2266844,18065040
2024-06-14 00:00:00+00:00,12433.5,657.1828002929688,12510.0,676.7999877929688,12556.67578125,680.5999755859375,12434.0,670.2999877929688,12468.0,678.5999755859375,853710,25618242
2024-06-17 00:00:00+00:00,12352.001953125,663.203125,12428.0,683.0,12562.0,687.7999877929688,12418.0,679.5,12556.0,685.0,1122267,14710012
2024-06-18 00:00:00+00:00,12340.0751953125,666.6016845703125,12416.0,686.5,12480.0,689.7000122070312,12348.0,680.2999877929688,12474.0,684.7999877929688,1604675,25427180
2024-06-19 00:00:00+00:00,12264.5400390625,672.9132690429688,12340.0,693.0,12370.0,694.1500244140625,12164.0,686.2999877929688,12234.0,691.7999877929688,943032,15842521
2024-06-20 00:00:00+00:00,12322.185546875,676.7973022460938,12398.0,697.0,12424.0,698.7849731445312,12264.0,686.2000122070312,12414.0,690.2000122070312,1559325,16016072
2024-06-21 00:00:00+00:00,12395.732421875,663.8828125,12472.0,683.7000122070312,12526.0,701.0999755859375,12318.0,680.7999877929688,12432.0,691.0,6183289,89803626
2024-06-24 00:00:00+00:00,12401.6962890625,670.6799926757812,12478.0,690.7000122070312,12510.0,701.2000122070312,12350.0,679.0999755859375,12388.0,683.0,2752680,42754421
2024-06-25 00:00:00+00:00,12473.255859375,667.0872192382812,12550.0,687.0,12574.0,695.2000122070312,12398.0,686.5,12476.0,691.9000244140625,3545029,16325290
2024-06-26 00:00:00+00:00,12479.21875,668.1552734375,12556.0,688.0999755859375,12704.0,694.4000244140625,12472.0,683.2999877929688,12570.0,691.0,1440176,24355511
2024-06-27 00:00:00+00:00,12252.61328125,669.3204956054688,12328.0,689.2999877929688,12632.0,698.5679931640625,12328.0,683.9000244140625,12512.0,690.0,1001890,28742324
2024-06-28 00:00:00+00:00,12280.4423828125,664.0770263671875,12356.0,683.9000244140625,12454.0,698.2999877929688,12304.0,683.9000244140625,12364.0,696.7999877929688,1225943,24405412
2024-07-01 00:00:00+00:00,12228.759765625,670.8741455078125,12304.0,690.9000244140625,12446.0,693.7999877929688,12232.0,679.7000122070312,12368.0,690.2999877929688,1123384,15905058
2024-07-02 00:00:00+00:00,12012.0927734375,668.93212890625,12086.0,688.9000244140625,12378.0,695.7999877929688,12042.0,685.9000244140625,12280.0,691.5999755859375,1577419,17448210
2024-07-03 00:00:00+00:00,11946.4970703125,665.4364013671875,12020.0,685.2999877929688,12142.0,692.302001953125,11972.5849609375,682.0,12130.0,690.7000122070312,2172456,16403286
2024-07-04 00:00:00+00:00,12031.970703125,671.2625122070312,12106.0,691.2999877929688,12182.0,696.9000244140625,11946.0,681.0999755859375,12062.0,692.9000244140625,1130254,14192578
2024-07-05 00:00:00+00:00,11982.2763671875,654.0755615234375,12056.0,673.5999755859375,12238.0,695.5,11984.0,670.7999877929688,12166.0,686.0,1079171,25225180
2024-07-08 00:00:00+00:00,11970.349609375,653.3959350585938,12044.0,672.9000244140625,12120.0,679.2999877929688,11956.0,665.0999755859375,12028.0,670.5,971467,20154307
2024-07-09 00:00:00+00:00,11870.9619140625,650.0944213867188,11944.0,669.5,12130.0,677.7000122070312,11940.0,662.7999877929688,12048.0,666.2000122070312,1177058,26277635
2024-07-10 00:00:00+00:00,12004.1416015625,651.0654296875,12078.0,670.5,12078.0,670.5,11872.0,664.2999877929688,11972.0,668.5,982633,21761228
2024-07-11 00:00:00+00:00,12026.0078125,649.997314453125,12100.0,669.4000244140625,12162.0,676.7999877929688,12060.0,666.4000244140625,12138.0,672.2000122070312,765771,12428210
2024-07-12 00:00:00+00:00,12185.029296875,651.6480102539062,12260.0,671.0999755859375,12304.0,680.9000244140625,12026.0,665.2999877929688,12154.0,675.7000122070312,1054328,10681797
2024-07-15 00:00:00+00:00,12029.9833984375,644.5595703125,12104.0,663.7999877929688,12284.0,675.2000122070312,12090.0,661.9000244140625,12208.0,665.9000244140625,1097590,13534070
2024-07-16 00:00:00+00:00,12026.0078125,644.7538452148438,12100.0,664.0,12178.0,669.0999755859375,11960.0,658.5,12020.0,665.5999755859375,925600,14160736
2024-07-17 00:00:00+00:00,12169.126953125,647.3755493164062,12244.0,666.7000122070312,12252.0,667.0999755859375,11924.0,658.906005859375,12100.0,663.0,1658263,12892719
2024-07-18 00:00:00+00:00,12051.8486328125,644.268310546875,12126.0,663.5,12394.0,675.0999755859375,12112.0,662.5999755859375,12316.0,671.7999877929688,891088,13433977
2024-07-19 00:00:00+00:00,12031.970703125,640.966796875,12106.0,660.0999755859375,12318.0,670.7999877929688,12006.0,653.7000122070312,12080.0,658.2999877929688,985408,14701079
2024-07-22 00:00:00+00:00,12185.029296875,648.24951171875,12260.0,667.5999755859375,12356.0,670.2999877929688,12194.0,662.7000122070312,12234.0,666.0999755859375,1926468,52466189
2024-07-23 00:00:00+00:00,12115.45703125,646.79296875,12190.0,666.0999755859375,12370.0,672.6539916992188,12150.0,662.4000244140625,12178.0,664.7999877929688,2173585,18838202
2024-07-24 00:00:00+00:00,12139.310546875,643.7827758789062,12214.0,663.0,12242.0,665.5,12034.0107421875,616.030029296875,12196.0,664.5999755859375,2043292,45977434
2024-07-25 00:00:00+00:00,11986.251953125,641.8408203125,12060.0,661.0,12386.0,661.7999877929688,11540.0,650.7999877929688,12300.0,657.5999755859375,2390645,22066428
2024-07-26 00:00:00+00:00,12105.5185546875,645.9190673828125,12180.0,665.2000122070312,12332.0,666.5999755859375,12108.0,658.0999755859375,12116.0,659.2999877929688,1499050,16601051
2024-07-29 00:00:00+00:00,12288.3935546875,650.5799560546875,12364.0,670.0,12506.0,678.5,12134.0,667.7999877929688,12134.0,667.9000244140625,3333384,38714477
2024-07-30 00:00:00+00:00,12127.3837890625,657.2799682617188,12202.0,676.9000244140625,12336.0,677.9000244140625,12030.16015625,665.0,12212.0,668.2000122070312,1485800,27722884
2024-07-31 00:00:00+00:00,12292.369140625,683.5944213867188,12368.0,704.0,12400.0,705.7000122070312,12166.0,688.4000244140625,12218.0,689.9000244140625,1591105,56216682
2024-08-01 00:00:00+00:00,12435.48828125,639.4132080078125,12512.0,658.5,12572.0,696.5999755859375,12276.0,654.2999877929688,12344.0,679.4000244140625,1109028,32965480
2024-08-02 00:00:00+00:00,12532.888671875,617.8567504882812,12610.0,636.2999877929688,12792.0,662.4000244140625,12466.0,633.7999877929688,12622.0,659.9000244140625,1677158,62062786
2024-08-05 00:00:00+00:00,12381.818359375,607.6610107421875,12458.0,625.7999877929688,12592.0,631.0,12260.0,610.8870239257812,12570.0,620.5,1549203,42207147
2024-08-06 00:00:00+00:00,12332.1240234375,609.7973022460938,12408.0,628.0,12472.0,634.5999755859375,12198.0,623.0999755859375,12456.0,632.9000244140625,2163688,22329195
2024-08-07 00:00:00+00:00,12612.3994140625,622.0320434570312,12690.0,640.5999755859375,12704.0,646.0999755859375,12412.0,616.030029296875,12430.0,636.9000244140625,1123581,17042177
2024-08-08 00:00:00+00:00,12628.0,621.06103515625,12628.0,639.5999755859375,12666.0,641.1220092773438,12432.0,630.0,12626.0,633.0999755859375,993991,13944658
2024-08-09 00:00:00+00:00,12700.0,623.8770141601562,12700.0,642.5,12724.0,644.4000244140625,12598.0,638.7999877929688,12666.0,643.4000244140625,2052309,10688306
2024-08-12 00:00:00+00:00,12780.0,625.2364501953125,12780.0,643.9000244140625,12844.0,648.5,12638.0,643.5,12690.0,645.0,1810288,12588124
2024-08-13 00:00:00+00:00,12920.0,626.7900390625,12920.0,645.5,12948.0,648.7000122070312,12786.0,644.2000122070312,12896.0,647.7999877929688,2096367,17676532
2024-08-14 00:00:00+00:00,12902.0,630.9654541015625,12902.0,649.7999877929688,12990.0,651.7000122070312,12804.0,648.0999755859375,12914.0,650.2999877929688,844567,12951619
2024-08-15 00:00:00+00:00,13166.0,646.7444458007812,13166.0,655.7999877929688,13218.0,657.1680297851562,12966.0,643.7000122070312,12980.0,646.2000122070312,2418404,12780172
2024-08-16 00:00:00+00:00,13046.0,647.5333862304688,13046.0,656.5999755859375,13218.0,660.0700073242188,13044.0,654.2999877929688,13136.0,657.2999877929688,1246640,20039673
2024-08-19 00:00:00+00:00,13050.0,654.436767578125,13050.0,663.5999755859375,13088.0,664.5999755859375,12944.0,654.2999877929688,12980.0,654.2999877929688,898295,10811368
2024-08-20 00:00:00+00:00,13102.0,642.109375,13102.0,651.0999755859375,13120.4716796875,662.0999755859375,13034.0,651.0999755859375,13050.0,661.7000122070312,1331981,16016718
2024-08-21 00:00:00+00:00,13000.0,644.4762573242188,13000.0,653.5,13102.0,657.5,12936.0,616.030029296875,13054.0,652.0,2317682,14780347
2024-08-22 00:00:00+00:00,13018.0,645.0679321289062,13018.0,654.0999755859375,13188.0,657.7999877929688,12990.0,651.4000244140625,13110.0,652.5999755859375,2721134,28560923
2024-08-23 00:00:00+00:00,13076.0,645.65966796875,13076.0,654.7000122070312,13198.0,657.4000244140625,13020.0,652.7000122070312,13110.0,654.5,1821476,39776176
2024-08-27 00:00:00+00:00,13158.0,651.7740478515625,13158.0,660.9000244140625,13238.0,664.7000122070312,13050.0,655.4000244140625,13148.0,658.2000122070312,1490247,20998532
2024-08-28 00:00:00+00:00,13200.0,650.5906372070312,13200.0,659.7000122070312,13254.0,663.0999755859375,13104.0,655.5999755859375,13168.0,662.5,1040560,70025960
2024-08-29 00:00:00+00:00,13274.0,651.6754150390625,13274.0,660.7999877929688,13290.0,665.4000244140625,13122.0,659.2999877929688,13210.0,660.9000244140625,1119836,31612842
2024-08-30 00:00:00+00:00,13274.0,657.4939575195312,13274.0,666.7000122070312,13330.0,670.9000244140625,13172.0,664.5,13250.0,670.9000244140625,4260741,46269274
2024-09-02 00:00:00+00:00,13276.0,656.7050170898438,13276.0,665.9000244140625,13372.0,672.0999755859375,13192.0,663.0999755859375,13294.0,665.5,2234636,10610343
2024-09-03 00:00:00+00:00,13190.0,649.30859375,13190.0,658.4000244140625,13388.0,666.9190063476562,13184.0,656.0,13300.0,665.0,909842,19449902
2024-09-04 00:00:00+00:00,13046.0,649.6044311523438,13046.0,658.7000122070312,13122.0,661.7000122070312,12996.0,650.0999755859375,12996.0,652.7000122070312,1434930,13634826
2024-09-05 00:00:00+00:00,12540.0,651.7740478515625,12540.0,660.9000244140625,13074.0,668.2999877929688,12540.0,652.5,13026.0,653.2000122070312,2305261,19615566
2024-09-06 00:00:00+00:00,12650.0,639.8411254882812,12650.0,648.7999877929688,12780.0,660.9000244140625,12552.0,647.5,12564.0,658.5,1648823,14694992
2024-09-09 00:00:00+00:00,12712.0,651.9712524414062,12712.0,661.0999755859375,12712.0,667.2999877929688,12468.0,653.0999755859375,12688.0,653.9000244140625,1127367,14039028
2024-09-10 00:00:00+00:00,12406.0,640.0383911132812,12406.0,649.0,12424.0,663.7999877929688,11998.0,648.5999755859375,12026.0,662.5999755859375,3200262,19479459
2024-09-11 00:00:00+00:00,12308.0,640.136962890625,12308.0,649.0999755859375,12352.0,655.2000122070312,12126.0,645.5,12264.0,650.0,1865508,34282773
2024-09-12 00:00:00+00:00,12050.0,646.5471801757812,12050.0,655.5999755859375,12404.0,663.4000244140625,12048.0,651.5999755859375,12400.0,659.5,2026175,19969877
2024-09-13 00:00:00+00:00,11928.0,649.6044311523438,11928.0,658.7000122070312,11948.041015625,662.6589965820312,11712.0,655.5999755859375,11912.0,658.7000122070312,2101369,11139815
2024-09-16 00:00:00+00:00,12016.0,645.65966796875,12016.0,654.7000122070312,12060.0,655.7999877929688,11966.0,647.2000122070312,12000.0,654.2999877929688,1030524,13430718
2024-09-17 00:00:00+00:00,11968.0,652.66162109375,11968.0,661.7999877929688,12110.0,668.0009765625,11914.0,659.9000244140625,12012.0,660.7000122070312,2441405,22588755
2024-09-18 00:00:00+00:00,11856.0,649.2099609375,11856.0,658.2999877929688,11950.0,661.7000122070312,11828.0,655.5999755859375,11928.0,659.2000122070312,2676484,22931571
2024-09-19 00:00:00+00:00,11898.0,660.0580444335938,11898.0,669.2999877929688,12043.404296875,671.5,11864.0,663.2999877929688,11964.0,666.2999877929688,2791079,37129120
2024-09-20 00:00:00+00:00,11780.0,651.3795776367188,11780.0,660.5,11942.0,668.822021484375,11760.0,658.7999877929688,11816.0,668.0,3467671,89420506
2024-09-23 00:00:00+00:00,11584.0,661.438720703125,11584.0,670.7000122070312,11738.0,672.0999755859375,11516.0,662.9000244140625,11680.0,667.0999755859375,2430049,64610986
2024-09-24 00:00:00+00:00,11522.0,662.9180297851562,11522.0,672.2000122070312,11622.0,683.4000244140625,11502.0,671.0,11592.0,673.2999877929688,1455566,45502774
2024-09-25 00:00:00+00:00,11566.0,656.6063842773438,11566.0,665.7999877929688,11582.0,676.8779907226562,11442.0,663.5540161132812,11460.0,669.0999755859375,1823463,21315551
2024-09-26 00:00:00+00:00,11720.0,670.4130859375,11720.0,679.7999877929688,11756.0,682.0999755859375,11574.0,670.4000244140625,11744.0,673.0999755859375,3984667,38385550
2024-09-27 00:00:00+00:00,11654.0,671.4979248046875,11654.0,680.9000244140625,11730.259765625,683.2000122070312,11598.0,676.4000244140625,11686.0,677.7999877929688,2998269,40184757
2024-09-30 00:00:00+00:00,11588.0,659.95947265625,11588.0,669.2000122070312,11726.0,680.2999877929688,11564.0,669.2000122070312,11620.0,676.9000244140625,2967198,20158641
2024-10-01 00:00:00+00:00,11800.0,655.5216064453125,11800.0,664.7000122070312,11800.0,673.4000244140625,11608.0,659.2999877929688,11660.0,672.5,3219814,17850886
2024-10-02 00:00:00+00:00,11946.0,666.66552734375,11946.0,676.0,12010.0,679.5,11800.0,671.0,11806.0,675.4000244140625,2128582,30061987
2024-10-03 00:00:00+00:00,11964.0,675.541259765625,11964.0,685.0,12082.0,689.5250244140625,11922.0,677.0,12034.0,682.0,1443950,30398573
2024-10-04 00:00:00+00:00,11738.0,682.2473754882812,11738.0,691.7999877929688,11922.0,696.5999755859375,11738.0,679.7000122070312,11826.0,679.9000244140625,1690859,23976538
2024-10-07 00:00:00+00:00,11810.0,685.6004638671875,11810.0,695.2000122070312,11846.0,698.5659790039062,11694.71875,688.7000122070312,11768.0,692.0999755859375,1220093,15923145
2024-10-08 00:00:00+00:00,11678.0,656.8036499023438,11678.0,666.0,11770.0,684.4199829101562,11676.0,664.4000244140625,11730.0,680.4000244140625,2577470,25903460
2024-10-09 00:00:00+00:00,11756.0,660.1566772460938,11756.0,669.4000244140625,11800.0,670.2000122070312,11682.0,662.7000122070312,11724.0,663.0999755859375,951043,15260570
2024-10-10 00:00:00+00:00,11770.0,662.9180297851562,11770.0,672.2000122070312,11846.0,676.0999755859375,11738.0,668.2000122070312,11824.0,670.5,1446954,21603461
2024-10-11 00:00:00+00:00,11764.0,663.9042358398438,11764.0,673.2000122070312,11810.0,674.9000244140625,11716.0,667.5999755859375,11778.0,674.2000122070312,1628325,15761198
2024-10-14 00:00:00+00:00,11936.0,666.46826171875,11936.0,675.7999877929688,11938.0,677.0499877929688,11789.8798828125,668.2000122070312,11804.0,671.9000244140625,1088620,16919266
2024-10-15 00:00:00+00:00,11850.0,659.95947265625,11850.0,669.2000122070312,12056.0,670.2000122070312,11814.0,664.5999755859375,12006.0,665.7000122070312,1722564,23543749
2024-10-16 00:00:00+00:00,12024.0,663.5097045898438,12024.0,672.7999877929688,12098.0,676.5999755859375,11956.0,668.5499877929688,11982.0,673.7999877929688,1339651,18080653
2024-10-17 00:00:00+00:00,12024.0,668.637939453125,12024.0,678.0,12024.0,680.416015625,11934.0,670.9000244140625,11992.0,672.0,1035884,21238694
2024-10-18 00:00:00+00:00,11946.0,671.2020263671875,11946.0,680.5999755859375,12056.0,682.0,11876.0,675.5999755859375,11962.0,679.5,2385885,13620100
2024-10-21 00:00:00+00:00,11930.0,666.0738525390625,11930.0,675.4000244140625,12204.0,681.2000122070312,11913.16015625,674.0,11990.0,675.7999877929688,1289770,11052665
2024-10-22 00:00:00+00:00,11864.0,672.089599609375,11864.0,681.5,11942.0,682.4000244140625,11772.0,671.8690185546875,11942.0,674.5999755859375,853524,13560551
2024-10-23 00:00:00+00:00,11828.0,670.51171875,11828.0,679.9000244140625,11914.0,686.5999755859375,11822.0,676.2999877929688,11856.0,682.7000122070312,1186470,16259981
2024-10-24 00:00:00+00:00,11696.0,670.51171875,11696.0,679.9000244140625,11870.0,686.5,11695.359375,679.4000244140625,11852.0,681.7999877929688,1620841,43188285
2024-10-25 00:00:00+00:00,11606.0,672.6812744140625,11606.0,682.0999755859375,11716.0,687.4000244140625,11560.0,682.0999755859375,11690.0,682.7999877929688,1533742,12494985
2024-10-28 00:00:00+00:00,11628.0,682.543212890625,11628.0,692.0999755859375,11638.0,693.7999877929688,11475.55859375,682.4000244140625,11604.0,688.5,1022879,54600101
2024-10-29 00:00:00+00:00,11534.0,703.844970703125,11534.0,713.7000122070312,11714.0,729.2000122070312,11534.0,705.4749755859375,11676.0,705.9000244140625,1678377,38470803
2024-10-30 00:00:00+00:00,11206.0,696.4485473632812,11206.0,706.2000122070312,11540.0,715.4000244140625,10898.0,704.2999877929688,11486.0,706.9000244140625,3359764,21041215
2024-10-31 00:00:00+00:00,11042.0,701.8726196289062,11042.0,711.7000122070312,11165.3603515625,715.0999755859375,10986.0,707.4000244140625,11160.0,713.0,2331962,34305229
2024-11-01 00:00:00+00:00,11022.0,699.8015747070312,11022.0,709.5999755859375,11114.0,714.5,11002.0,708.0,11068.0,712.0999755859375,3969980,48832143
2024-11-04 00:00:00+00:00,11042.0,707.7897338867188,11042.0,717.7000122070312,11342.0,721.2160034179688,10930.0,711.2000122070312,11016.0,711.7000122070312,2433650,16376922
2024-11-05 00:00:00+00:00,10114.0,712.4248657226562,10114.0,722.4000244140625,11052.0,722.4000244140625,10010.0,715.0999755859375,11044.0,717.4000244140625,4440784,49440052
2024-11-06 00:00:00+00:00,9922.0,714.2000122070312,9922.0,724.2000122070312,10380.0,729.5999755859375,9869.0,719.5,10330.0,719.7000122070312,7726112,20818302
2024-11-07 00:00:00+00:00,9725.0,715.5999755859375,9725.0,715.5999755859375,9900.0,723.2999877929688,9670.0,714.7000122070312,9891.0,720.0,8032972,46222367
2024-11-08 00:00:00+00:00,9903.0,690.0,9903.0,690.0,10008.0,713.1680297851562,9806.0,689.5999755859375,9846.0,711.7999877929688,4062390,22518252
